provider_name,Item_name,short_desc,long_desc,Logo_image_url,max_quantity,min_quantity,tag_name_1,code_1,value_1,tag_name_2,code_2,value_2,tag_name_3,code_3,value_3,tag_group_code_1,tag_group_code_2,tag_group_code_3,category name,category code,sku,min_price,max_price,stock_quantity,stock_status,fulfillments,base_price,tax,currency,quantity_unit
ChargeGrid SF,EV Wall Charger,High-speed wall-mounted EV charger,"This EV Wall Charger offers fast and efficient charging for all EV models. Designed for home and commercial use, it supports up to 50kW output and includes built-in surge protection.",https://example.com/items/evwallcharger.png,100,100,"Warranty,Compatibility,Material","warranty,compatibility,material","2 years,Universal,Aluminum","Warranty,Compatibility,Material","warranty,compatibility,material","2 years,Universal,Aluminum","Warranty,Compatibility,Material","warranty,compatibility,material","3 years,Universal,Aluminum","gen_spec","prod_spec","tech_spec",EVs,ev,EV -2583,472,472,186,in stock,delivery,431,41,USD,unit
ChargeGrid SF,Portable EV Charger,Compact portable charger for emergencies,"The Portable EV Charger is lightweight and fits easily in your trunk. It is compatible with most EVs, delivering safe emergency charging with a standard home socket.",https://example.com/items/portableevcharger.png,100,100,"Material,Connectivity,Mount Type","material,connectivity,mount_type","Aluminum,Bluetooth,Wall","Material,Connectivity,Mount Type","material,connectivity,mount_type","Aluminum,Bluetooth,Wall","Material,Connectivity,Mount Type","material,connectivity,mount_type","Aluminum,Bluetooth,Wall","gen_spec","prod_spec","tech_spec",EVs,ev,POR-6328,142,142,132,in stock,delivery,130,12,USD,unit
ChargeGrid SF,EV Charging Cable,Durable cable with fast charge support,This premium EV Charging Cable features high conductivity and is designed for both indoor and outdoor use. Supports CCS and Type 2 connectors.,https://example.com/items/evchargingcable.png,100,100,"Connectivity,Material,Battery Type","connectivity,material,battery_type","Bluetooth,Aluminum,Lithium-ion","Connectivity,Material,Battery Type","connectivity,material,battery_type","Bluetooth,Aluminum,Lithium-ion","Connectivity,Material,Battery Type","connectivity,material,battery_type","Bluetooth,Aluminum,Lithium-ion","gen_spec","prod_spec","tech_spec",EVs,ev,EV -1857,264,264,97,in stock,delivery,241,23,USD,unit
ChargeGrid SF,Smart EV Station,Wi-Fi-enabled EV charging station,"Smart EV Station comes with app-based control and real-time energy tracking. Designed for urban spaces, it ensures optimized charging with minimal power loss.",https://example.com/items/smartevstation.png,100,100,"Battery Type,Charging Standard,Material","battery_type,charging_standard,material","Lithium-ion,CCS,Aluminum","Battery Type,Charging Standard,Material","battery_type,charging_standard,material","Lithium-ion,CCS,Aluminum","Battery Type,Charging Standard,Material","battery_type,charging_standard,material","Lithium-ion,CCS,Aluminum","gen_spec","prod_spec","tech_spec",EVs,ev,SMA-7021,434,434,91,in stock,delivery,396,38,USD,unit
VoltPoint EV,EV Wall Charger,High-speed wall-mounted EV charger,"This EV Wall Charger offers fast and efficient charging for all EV models. Designed for home and commercial use, it supports up to 50kW output and includes built-in surge protection.",https://example.com/items/evwallcharger.png,100,100,"Material,Color,Charging Standard","material,color,charging_standard","Aluminum,Black,CCS","Material,Color,Charging Standard","material,color,charging_standard","Aluminum,Black,CCS","Material,Color,Charging Standard","material,color,charging_standard","Aluminum,Black,CCS","gen_spec","prod_spec","tech_spec",EVs,ev,EV -6250,258,258,151,in stock,delivery,236,22,USD,unit
VoltPoint EV,Portable EV Charger,Compact portable charger for emergencies,"The Portable EV Charger is lightweight and fits easily in your trunk. It is compatible with most EVs, delivering safe emergency charging with a standard home socket.",https://example.com/items/portableevcharger.png,100,100,"Material,Power Output,Warranty","material,power_output,warranty","Aluminum,50kW,2 years","Material,Power Output,Warranty","material,power_output,warranty","Aluminum,50kW,2 years","Material,Power Output,Warranty","material,power_output,warranty","Aluminum,50kW,2 years","gen_spec","prod_spec","tech_spec",EVs,ev,POR-6001,267,267,188,in stock,delivery,244,23,USD,unit
VoltPoint EV,EV Charging Cable,Durable cable with fast charge support,This premium EV Charging Cable features high conductivity and is designed for both indoor and outdoor use. Supports CCS and Type 2 connectors.,https://example.com/items/evchargingcable.png,100,100,"Material,Color,Charging Standard","material,color,charging_standard","Aluminum,Black,CCS","Material,Color,Charging Standard","material,color,charging_standard","Aluminum,Black,CCS","Material,Color,Charging Standard","material,color,charging_standard","Aluminum,Black,CCS","gen_spec","prod_spec","tech_spec",EVs,ev,EV -2689,149,149,171,in stock,delivery,136,13,USD,unit
VoltPoint EV,Smart EV Station,Wi-Fi-enabled EV charging station,"Smart EV Station comes with app-based control and real-time energy tracking. Designed for urban spaces, it ensures optimized charging with minimal power loss.",https://example.com/items/smartevstation.png,100,100,"Color,Battery Type,Material","color,battery_type,material","Black,Lithium-ion,Aluminum","Color,Battery Type,Material","color,battery_type,material","Black,Lithium-ion,Aluminum","Color,Battery Type,Material","color,battery_type,material","Black,Lithium-ion,Aluminum","gen_spec","prod_spec","tech_spec",EVs,ev,SMA-1118,126,126,63,in stock,delivery,115,11,USD,unit
ElectroBoost,EV Wall Charger,High-speed wall-mounted EV charger,"This EV Wall Charger offers fast and efficient charging for all EV models. Designed for home and commercial use, it supports up to 50kW output and includes built-in surge protection.",https://example.com/items/evwallcharger.png,100,100,"Connectivity,Color,Battery Type","connectivity,color,battery_type","Bluetooth,Black,Lithium-ion","Connectivity,Color,Battery Type","connectivity,color,battery_type","Bluetooth,Black,Lithium-ion","Connectivity,Color,Battery Type","connectivity,color,battery_type","Bluetooth,Black,Lithium-ion","gen_spec","prod_spec","tech_spec",EVs,ev,EV -4800,406,406,173,in stock,delivery,371,35,USD,unit
ElectroBoost,Portable EV Charger,Compact portable charger for emergencies,"The Portable EV Charger is lightweight and fits easily in your trunk. It is compatible with most EVs, delivering safe emergency charging with a standard home socket.",https://example.com/items/portableevcharger.png,100,100,"Compatibility,Charging Standard,Material","compatibility,charging_standard,material","Universal,CCS,Aluminum","Compatibility,Charging Standard,Material","compatibility,charging_standard,material","Universal,CCS,Aluminum","Compatibility,Charging Standard,Material","compatibility,charging_standard,material","Universal,CCS,Aluminum","gen_spec","prod_spec","tech_spec",EVs,ev,POR-4198,165,165,148,in stock,delivery,151,14,USD,unit
ElectroBoost,EV Charging Cable,Durable cable with fast charge support,This premium EV Charging Cable features high conductivity and is designed for both indoor and outdoor use. Supports CCS and Type 2 connectors.,https://example.com/items/evchargingcable.png,100,100,"Charging Standard,Warranty,Voltage","charging_standard,warranty,voltage","CCS,2 years,220V","Charging Standard,Warranty,Voltage","charging_standard,warranty,voltage","CCS,2 years,220V","Charging Standard,Warranty,Voltage","charging_standard,warranty,voltage","CCS,2 years,220V","gen_spec","prod_spec","tech_spec",EVs,ev,EV -9090,494,494,104,in stock,delivery,451,43,USD,unit
ElectroBoost,Smart EV Station,Wi-Fi-enabled EV charging station,"Smart EV Station comes with app-based control and real-time energy tracking. Designed for urban spaces, it ensures optimized charging with minimal power loss.",https://example.com/items/smartevstation.png,100,100,"Material,Compatibility,Warranty","material,compatibility,warranty","Aluminum,Universal,2 years","Material,Compatibility,Warranty","material,compatibility,warranty","Aluminum,Universal,2 years","Material,Compatibility,Warranty","material,compatibility,warranty","Aluminum,Universal,2 years","gen_spec","prod_spec","tech_spec",EVs,ev,SMA-4662,243,243,118,in stock,delivery,222,21,USD,unit
GreenWheels,EV Wall Charger,High-speed wall-mounted EV charger,"This EV Wall Charger offers fast and efficient charging for all EV models. Designed for home and commercial use, it supports up to 50kW output and includes built-in surge protection.",https://example.com/items/evwallcharger.png,100,100,"Connectivity,Color,Compatibility","connectivity,color,compatibility","Bluetooth,Black,Universal","Connectivity,Color,Compatibility","connectivity,color,compatibility","Bluetooth,Black,Universal","Connectivity,Color,Compatibility","connectivity,color,compatibility","Bluetooth,Black,Universal","gen_spec","prod_spec","tech_spec",EVs,ev,EV -4697,476,476,111,in stock,delivery,435,41,USD,unit
GreenWheels,Portable EV Charger,Compact portable charger for emergencies,"The Portable EV Charger is lightweight and fits easily in your trunk. It is compatible with most EVs, delivering safe emergency charging with a standard home socket.",https://example.com/items/portableevcharger.png,100,100,"Color,Connectivity,Battery Type","color,connectivity,battery_type","Black,Bluetooth,Lithium-ion","Color,Connectivity,Battery Type","color,connectivity,battery_type","Black,Bluetooth,Lithium-ion","Color,Connectivity,Battery Type","color,connectivity,battery_type","Black,Bluetooth,Lithium-ion","gen_spec","prod_spec","tech_spec",EVs,ev,POR-9469,321,321,160,in stock,delivery,293,28,USD,unit
GreenWheels,EV Charging Cable,Durable cable with fast charge support,This premium EV Charging Cable features high conductivity and is designed for both indoor and outdoor use. Supports CCS and Type 2 connectors.,https://example.com/items/evchargingcable.png,100,100,"Compatibility,Connectivity,Mount Type","compatibility,connectivity,mount_type","Universal,Bluetooth,Wall","Compatibility,Connectivity,Mount Type","compatibility,connectivity,mount_type","Universal,Bluetooth,Wall","Compatibility,Connectivity,Mount Type","compatibility,connectivity,mount_type","Universal,Bluetooth,Wall","gen_spec","prod_spec","tech_spec",EVs,ev,EV -1384,405,405,163,in stock,delivery,370,35,USD,unit
GreenWheels,Smart EV Station,Wi-Fi-enabled EV charging station,"Smart EV Station comes with app-based control and real-time energy tracking. Designed for urban spaces, it ensures optimized charging with minimal power loss.",https://example.com/items/smartevstation.png,100,100,"Material,Charging Standard,Battery Type","material,charging_standard,battery_type","Aluminum,CCS,Lithium-ion","Material,Charging Standard,Battery Type","material,charging_standard,battery_type","Aluminum,CCS,Lithium-ion","Material,Charging Standard,Battery Type","material,charging_standard,battery_type","Aluminum,CCS,Lithium-ion","gen_spec","prod_spec","tech_spec",EVs,ev,SMA-2220,422,422,134,in stock,delivery,385,37,USD,unit
EVgo California,EV Wall Charger,High-speed wall-mounted EV charger,"This EV Wall Charger offers fast and efficient charging for all EV models. Designed for home and commercial use, it supports up to 50kW output and includes built-in surge protection.",https://example.com/items/evwallcharger.png,100,100,"Connectivity,Battery Type,Power Output","connectivity,battery_type,power_output","Bluetooth,Lithium-ion,50kW","Connectivity,Battery Type,Power Output","connectivity,battery_type,power_output","Bluetooth,Lithium-ion,50kW","Connectivity,Battery Type,Power Output","connectivity,battery_type,power_output","Bluetooth,Lithium-ion,50kW","gen_spec","prod_spec","tech_spec",EVs,ev,EV -4359,143,143,74,in stock,delivery,131,12,USD,unit
EVgo California,Portable EV Charger,Compact portable charger for emergencies,"The Portable EV Charger is lightweight and fits easily in your trunk. It is compatible with most EVs, delivering safe emergency charging with a standard home socket.",https://example.com/items/portableevcharger.png,100,100,"Charging Standard,Warranty,Color","charging_standard,warranty,color","CCS,2 years,Black","Charging Standard,Warranty,Color","charging_standard,warranty,color","CCS,2 years,Black","Charging Standard,Warranty,Color","charging_standard,warranty,color","CCS,2 years,Black","gen_spec","prod_spec","tech_spec",EVs,ev,POR-8485,538,538,129,in stock,delivery,491,47,USD,unit
EVgo California,EV Charging Cable,Durable cable with fast charge support,This premium EV Charging Cable features high conductivity and is designed for both indoor and outdoor use. Supports CCS and Type 2 connectors.,https://example.com/items/evchargingcable.png,100,100,"Power Output,Charging Standard,Connectivity","power_output,charging_standard,connectivity","50kW,CCS,Bluetooth","Power Output,Charging Standard,Connectivity","power_output,charging_standard,connectivity","50kW,CCS,Bluetooth","Power Output,Charging Standard,Connectivity","power_output,charging_standard,connectivity","50kW,CCS,Bluetooth","gen_spec","prod_spec","tech_spec",EVs,ev,EV -4464,362,362,167,in stock,delivery,331,31,USD,unit
EVgo California,Smart EV Station,Wi-Fi-enabled EV charging station,"Smart EV Station comes with app-based control and real-time energy tracking. Designed for urban spaces, it ensures optimized charging with minimal power loss.",https://example.com/items/smartevstation.png,100,100,"Color,Warranty,Compatibility","color,warranty,compatibility","Black,2 years,Universal","Color,Warranty,Compatibility","color,warranty,compatibility","Black,2 years,Universal","Color,Warranty,Compatibility","color,warranty,compatibility","Black,2 years,Universal","gen_spec","prod_spec","tech_spec",EVs,ev,SMA-9091,250,250,99,in stock,delivery,228,22,USD,unit
DriveCharge Hub,EV Wall Charger,High-speed wall-mounted EV charger,"This EV Wall Charger offers fast and efficient charging for all EV models. Designed for home and commercial use, it supports up to 50kW output and includes built-in surge protection.",https://example.com/items/evwallcharger.png,100,100,"Voltage,Connectivity,Power Output","voltage,connectivity,power_output","220V,Bluetooth,50kW","Voltage,Connectivity,Power Output","voltage,connectivity,power_output","220V,Bluetooth,50kW","Voltage,Connectivity,Power Output","voltage,connectivity,power_output","220V,Bluetooth,50kW","gen_spec","prod_spec","tech_spec",EVs,ev,EV -1513,465,465,106,in stock,delivery,425,40,USD,unit
DriveCharge Hub,Portable EV Charger,Compact portable charger for emergencies,"The Portable EV Charger is lightweight and fits easily in your trunk. It is compatible with most EVs, delivering safe emergency charging with a standard home socket.",https://example.com/items/portableevcharger.png,100,100,"Charging Standard,Power Output,Compatibility","charging_standard,power_output,compatibility","CCS,50kW,Universal","Charging Standard,Power Output,Compatibility","charging_standard,power_output,compatibility","CCS,50kW,Universal","Charging Standard,Power Output,Compatibility","charging_standard,power_output,compatibility","CCS,50kW,Universal","gen_spec","prod_spec","tech_spec",EVs,ev,POR-9664,546,546,135,in stock,delivery,499,47,USD,unit
DriveCharge Hub,EV Charging Cable,Durable cable with fast charge support,This premium EV Charging Cable features high conductivity and is designed for both indoor and outdoor use. Supports CCS and Type 2 connectors.,https://example.com/items/evchargingcable.png,100,100,"Power Output,Compatibility,Battery Type","power_output,compatibility,battery_type","50kW,Universal,Lithium-ion","Power Output,Compatibility,Battery Type","power_output,compatibility,battery_type","50kW,Universal,Lithium-ion","Power Output,Compatibility,Battery Type","power_output,compatibility,battery_type","50kW,Universal,Lithium-ion","gen_spec","prod_spec","tech_spec",EVs,ev,EV -6338,457,457,73,in stock,delivery,417,40,USD,unit
DriveCharge Hub,Smart EV Station,Wi-Fi-enabled EV charging station,"Smart EV Station comes with app-based control and real-time energy tracking. Designed for urban spaces, it ensures optimized charging with minimal power loss.",https://example.com/items/smartevstation.png,100,100,"Power Output,Color,Connectivity","power_output,color,connectivity","50kW,Black,Bluetooth","Power Output,Color,Connectivity","power_output,color,connectivity","50kW,Black,Bluetooth","Power Output,Color,Connectivity","power_output,color,connectivity","50kW,Black,Bluetooth","gen_spec","prod_spec","tech_spec",EVs,ev,SMA-2207,462,462,132,in stock,delivery,422,40,USD,unit
eMotion Station,EV Wall Charger,High-speed wall-mounted EV charger,"This EV Wall Charger offers fast and efficient charging for all EV models. Designed for home and commercial use, it supports up to 50kW output and includes built-in surge protection.",https://example.com/items/evwallcharger.png,100,100,"Warranty,Color,Power Output","warranty,color,power_output","2 years,Black,50kW","Warranty,Color,Power Output","warranty,color,power_output","2 years,Black,50kW","Warranty,Color,Power Output","warranty,color,power_output","2 years,Black,50kW","gen_spec","prod_spec","tech_spec",EVs,ev,EV -2750,173,173,141,in stock,delivery,158,15,USD,unit
eMotion Station,Portable EV Charger,Compact portable charger for emergencies,"The Portable EV Charger is lightweight and fits easily in your trunk. It is compatible with most EVs, delivering safe emergency charging with a standard home socket.",https://example.com/items/portableevcharger.png,100,100,"Compatibility,Material,Warranty","compatibility,material,warranty","Universal,Aluminum,2 years","Compatibility,Material,Warranty","compatibility,material,warranty","Universal,Aluminum,2 years","Compatibility,Material,Warranty","compatibility,material,warranty","Universal,Aluminum,2 years","gen_spec","prod_spec","tech_spec",EVs,ev,POR-5120,223,223,85,in stock,delivery,204,19,USD,unit
eMotion Station,EV Charging Cable,Durable cable with fast charge support,This premium EV Charging Cable features high conductivity and is designed for both indoor and outdoor use. Supports CCS and Type 2 connectors.,https://example.com/items/evchargingcable.png,100,100,"Color,Warranty,Charging Standard","color,warranty,charging_standard","Black,2 years,CCS","Color,Warranty,Charging Standard","color,warranty,charging_standard","Black,2 years,CCS","Color,Warranty,Charging Standard","color,warranty,charging_standard","Black,2 years,CCS","gen_spec","prod_spec","tech_spec",EVs,ev,EV -1074,428,428,197,in stock,delivery,391,37,USD,unit
eMotion Station,Smart EV Station,Wi-Fi-enabled EV charging station,"Smart EV Station comes with app-based control and real-time energy tracking. Designed for urban spaces, it ensures optimized charging with minimal power loss.",https://example.com/items/smartevstation.png,100,100,"Material,Compatibility,Voltage","material,compatibility,voltage","Aluminum,Universal,220V","Material,Compatibility,Voltage","material,compatibility,voltage","Aluminum,Universal,220V","Material,Compatibility,Voltage","material,compatibility,voltage","Aluminum,Universal,220V","gen_spec","prod_spec","tech_spec",EVs,ev,SMA-9784,456,456,103,in stock,delivery,416,40,USD,unit
SuperVolt Hub,EV Wall Charger,High-speed wall-mounted EV charger,"This EV Wall Charger offers fast and efficient charging for all EV models. Designed for home and commercial use, it supports up to 50kW output and includes built-in surge protection.",https://example.com/items/evwallcharger.png,100,100,"Power Output,Color,Charging Standard","power_output,color,charging_standard","50kW,Black,CCS","Power Output,Color,Charging Standard","power_output,color,charging_standard","50kW,Black,CCS","Power Output,Color,Charging Standard","power_output,color,charging_standard","50kW,Black,CCS","gen_spec","prod_spec","tech_spec",EVs,ev,EV -3085,525,525,75,in stock,delivery,479,46,USD,unit
SuperVolt Hub,Portable EV Charger,Compact portable charger for emergencies,"The Portable EV Charger is lightweight and fits easily in your trunk. It is compatible with most EVs, delivering safe emergency charging with a standard home socket.",https://example.com/items/portableevcharger.png,100,100,"Mount Type,Warranty,Voltage","mount_type,warranty,voltage","Wall,2 years,220V","Mount Type,Warranty,Voltage","mount_type,warranty,voltage","Wall,2 years,220V","Mount Type,Warranty,Voltage","mount_type,warranty,voltage","Wall,2 years,220V","gen_spec","prod_spec","tech_spec",EVs,ev,POR-6940,130,130,173,in stock,delivery,119,11,USD,unit
SuperVolt Hub,EV Charging Cable,Durable cable with fast charge support,This premium EV Charging Cable features high conductivity and is designed for both indoor and outdoor use. Supports CCS and Type 2 connectors.,https://example.com/items/evchargingcable.png,100,100,"Warranty,Voltage,Mount Type","warranty,voltage,mount_type","2 years,220V,Wall","Warranty,Voltage,Mount Type","warranty,voltage,mount_type","2 years,220V,Wall","Warranty,Voltage,Mount Type","warranty,voltage,mount_type","2 years,220V,Wall","gen_spec","prod_spec","tech_spec",EVs,ev,EV -7374,206,206,93,in stock,delivery,188,18,USD,unit
SuperVolt Hub,Smart EV Station,Wi-Fi-enabled EV charging station,"Smart EV Station comes with app-based control and real-time energy tracking. Designed for urban spaces, it ensures optimized charging with minimal power loss.",https://example.com/items/smartevstation.png,100,100,"Battery Type,Color,Power Output","battery_type,color,power_output","Lithium-ion,Black,50kW","Battery Type,Color,Power Output","battery_type,color,power_output","Lithium-ion,Black,50kW","Battery Type,Color,Power Output","battery_type,color,power_output","Lithium-ion,Black,50kW","gen_spec","prod_spec","tech_spec",EVs,ev,SMA-3064,164,164,151,in stock,delivery,150,14,USD,unit
AmplyPower SF,EV Wall Charger,High-speed wall-mounted EV charger,"This EV Wall Charger offers fast and efficient charging for all EV models. Designed for home and commercial use, it supports up to 50kW output and includes built-in surge protection.",https://example.com/items/evwallcharger.png,100,100,"Material,Voltage,Charging Standard","material,voltage,charging_standard","Aluminum,220V,CCS","Material,Voltage,Charging Standard","material,voltage,charging_standard","Aluminum,220V,CCS","Material,Voltage,Charging Standard","material,voltage,charging_standard","Aluminum,220V,CCS","gen_spec","prod_spec","tech_spec",EVs,ev,EV -5281,126,126,141,in stock,delivery,115,11,USD,unit
AmplyPower SF,Portable EV Charger,Compact portable charger for emergencies,"The Portable EV Charger is lightweight and fits easily in your trunk. It is compatible with most EVs, delivering safe emergency charging with a standard home socket.",https://example.com/items/portableevcharger.png,100,100,"Connectivity,Color,Mount Type","connectivity,color,mount_type","Bluetooth,Black,Wall","Connectivity,Color,Mount Type","connectivity,color,mount_type","Bluetooth,Black,Wall","Connectivity,Color,Mount Type","connectivity,color,mount_type","Bluetooth,Black,Wall","gen_spec","prod_spec","tech_spec",EVs,ev,POR-3852,389,389,133,in stock,delivery,355,34,USD,unit
AmplyPower SF,EV Charging Cable,Durable cable with fast charge support,This premium EV Charging Cable features high conductivity and is designed for both indoor and outdoor use. Supports CCS and Type 2 connectors.,https://example.com/items/evchargingcable.png,100,100,"Connectivity,Charging Standard,Voltage","connectivity,charging_standard,voltage","Bluetooth,CCS,220V","Connectivity,Charging Standard,Voltage","connectivity,charging_standard,voltage","Bluetooth,CCS,220V","Connectivity,Charging Standard,Voltage","connectivity,charging_standard,voltage","Bluetooth,CCS,220V","gen_spec","prod_spec","tech_spec",EVs,ev,EV -4664,486,486,118,in stock,delivery,444,42,USD,unit
AmplyPower SF,Smart EV Station,Wi-Fi-enabled EV charging station,"Smart EV Station comes with app-based control and real-time energy tracking. Designed for urban spaces, it ensures optimized charging with minimal power loss.",https://example.com/items/smartevstation.png,100,100,"Connectivity,Charging Standard,Power Output","connectivity,charging_standard,power_output","Bluetooth,CCS,50kW","Connectivity,Charging Standard,Power Output","connectivity,charging_standard,power_output","Bluetooth,CCS,50kW","Connectivity,Charging Standard,Power Output","connectivity,charging_standard,power_output","Bluetooth,CCS,50kW","gen_spec","prod_spec","tech_spec",EVs,ev,SMA-1897,424,424,187,in stock,delivery,387,37,USD,unit
EcoVolt Solutions,EV Wall Charger,High-speed wall-mounted EV charger,"This EV Wall Charger offers fast and efficient charging for all EV models. Designed for home and commercial use, it supports up to 50kW output and includes built-in surge protection.",https://example.com/items/evwallcharger.png,100,100,"Mount Type,Charging Standard,Material","mount_type,charging_standard,material","Wall,CCS,Aluminum","Mount Type,Charging Standard,Material","mount_type,charging_standard,material","Wall,CCS,Aluminum","Mount Type,Charging Standard,Material","mount_type,charging_standard,material","Wall,CCS,Aluminum","gen_spec","prod_spec","tech_spec",EVs,ev,EV -7585,447,447,160,in stock,delivery,408,39,USD,unit
EcoVolt Solutions,Portable EV Charger,Compact portable charger for emergencies,"The Portable EV Charger is lightweight and fits easily in your trunk. It is compatible with most EVs, delivering safe emergency charging with a standard home socket.",https://example.com/items/portableevcharger.png,100,100,"Compatibility,Mount Type,Connectivity","compatibility,mount_type,connectivity","Universal,Wall,Bluetooth","Compatibility,Mount Type,Connectivity","compatibility,mount_type,connectivity","Universal,Wall,Bluetooth","Compatibility,Mount Type,Connectivity","compatibility,mount_type,connectivity","Universal,Wall,Bluetooth","gen_spec","prod_spec","tech_spec",EVs,ev,POR-5956,365,365,65,in stock,delivery,333,32,USD,unit
EcoVolt Solutions,EV Charging Cable,Durable cable with fast charge support,This premium EV Charging Cable features high conductivity and is designed for both indoor and outdoor use. Supports CCS and Type 2 connectors.,https://example.com/items/evchargingcable.png,100,100,"Connectivity,Charging Standard,Voltage","connectivity,charging_standard,voltage","Bluetooth,CCS,220V","Connectivity,Charging Standard,Voltage","connectivity,charging_standard,voltage","Bluetooth,CCS,220V","Connectivity,Charging Standard,Voltage","connectivity,charging_standard,voltage","Bluetooth,CCS,220V","gen_spec","prod_spec","tech_spec",EVs,ev,EV -7550,389,389,62,in stock,delivery,355,34,USD,unit
EcoVolt Solutions,Smart EV Station,Wi-Fi-enabled EV charging station,"Smart EV Station comes with app-based control and real-time energy tracking. Designed for urban spaces, it ensures optimized charging with minimal power loss.",https://example.com/items/smartevstation.png,100,100,"Power Output,Warranty,Color","power_output,warranty,color","50kW,2 years,Black","Power Output,Warranty,Color","power_output,warranty,color","50kW,2 years,Black","Power Output,Warranty,Color","power_output,warranty,color","50kW,2 years,Black","gen_spec","prod_spec","tech_spec",EVs,ev,SMA-8024,219,219,70,in stock,delivery,200,19,USD,unit
EV Parts Pro,EV Dashboard Mount,Adjustable mount for phones in EVs,This universal Dashboard Mount provides strong grip and 360° rotation. Ideal for EVs with built-in navigation and display systems.,https://example.com/items/evdashboardmount.png,100,100,"Battery Type,Connectivity,Voltage","battery_type,connectivity,voltage","Lithium-ion,Bluetooth,220V","Battery Type,Connectivity,Voltage","battery_type,connectivity,voltage","Lithium-ion,Bluetooth,220V","Battery Type,Connectivity,Voltage","battery_type,connectivity,voltage","Lithium-ion,Bluetooth,220V","gen_spec","prod_spec","tech_spec",EV Accessories,ev_acc,EV -1663,43,43,136,in stock,delivery,39,4,USD,unit
EV Parts Pro,Tire Inflator Pump,Digital portable tire inflator,"This Tire Inflator is compact and fits in your EV trunk. Features a digital pressure gauge, LED light, and auto shut-off feature.",https://example.com/items/tireinflatorpump.png,100,100,"Connectivity,Color,Power Output","connectivity,color,power_output","Bluetooth,Black,50kW","Connectivity,Color,Power Output","connectivity,color,power_output","Bluetooth,Black,50kW","Connectivity,Color,Power Output","connectivity,color,power_output","Bluetooth,Black,50kW","gen_spec","prod_spec","tech_spec",EV Accessories,ev_acc,TIR-7489,79,79,115,in stock,delivery,72,7,USD,unit
EV Parts Pro,EV Trunk Organizer,Multi-compartment storage for EV trunks,"Organize your charging cables, tools, and groceries with this foldable EV Trunk Organizer. Built with waterproof fabric and sturdy walls.",https://example.com/items/evtrunkorganizer.png,100,100,"Color,Voltage,Mount Type","color,voltage,mount_type","Black,220V,Wall","Color,Voltage,Mount Type","color,voltage,mount_type","Black,220V,Wall","Color,Voltage,Mount Type","color,voltage,mount_type","Black,220V,Wall","gen_spec","prod_spec","tech_spec",EV Accessories,ev_acc,EV -2667,26,26,129,in stock,delivery,24,2,USD,unit
EV Parts Pro,Seat Cushion Set,Comfortable memory foam cushions,"The EV Seat Cushion Set includes lumbar and seat support designed for long EV rides. Breathable, anti-slip, and ergonomic.",https://example.com/items/seatcushionset.png,100,100,"Color,Mount Type,Battery Type","color,mount_type,battery_type","Black,Wall,Lithium-ion","Color,Mount Type,Battery Type","color,mount_type,battery_type","Black,Wall,Lithium-ion","Color,Mount Type,Battery Type","color,mount_type,battery_type","Black,Wall,Lithium-ion","gen_spec","prod_spec","tech_spec",EV Accessories,ev_acc,SEA-5857,139,139,145,in stock,delivery,127,12,USD,unit
Amped Accessories,EV Dashboard Mount,Adjustable mount for phones in EVs,This universal Dashboard Mount provides strong grip and 360° rotation. Ideal for EVs with built-in navigation and display systems.,https://example.com/items/evdashboardmount.png,100,100,"Charging Standard,Voltage,Compatibility","charging_standard,voltage,compatibility","CCS,220V,Universal","Charging Standard,Voltage,Compatibility","charging_standard,voltage,compatibility","CCS,220V,Universal","Charging Standard,Voltage,Compatibility","charging_standard,voltage,compatibility","CCS,220V,Universal","gen_spec","prod_spec","tech_spec",EV Accessories,ev_acc,EV -9382,89,89,53,in stock,delivery,81,8,USD,unit
Amped Accessories,Tire Inflator Pump,Digital portable tire inflator,"This Tire Inflator is compact and fits in your EV trunk. Features a digital pressure gauge, LED light, and auto shut-off feature.",https://example.com/items/tireinflatorpump.png,100,100,"Mount Type,Material,Compatibility","mount_type,material,compatibility","Wall,Aluminum,Universal","Mount Type,Material,Compatibility","mount_type,material,compatibility","Wall,Aluminum,Universal","Mount Type,Material,Compatibility","mount_type,material,compatibility","Wall,Aluminum,Universal","gen_spec","prod_spec","tech_spec",EV Accessories,ev_acc,TIR-2071,94,94,72,in stock,delivery,86,8,USD,unit
Amped Accessories,EV Trunk Organizer,Multi-compartment storage for EV trunks,"Organize your charging cables, tools, and groceries with this foldable EV Trunk Organizer. Built with waterproof fabric and sturdy walls.",https://example.com/items/evtrunkorganizer.png,100,100,"Material,Mount Type,Compatibility","material,mount_type,compatibility","Aluminum,Wall,Universal","Material,Mount Type,Compatibility","material,mount_type,compatibility","Aluminum,Wall,Universal","Material,Mount Type,Compatibility","material,mount_type,compatibility","Aluminum,Wall,Universal","gen_spec","prod_spec","tech_spec",EV Accessories,ev_acc,EV -6842,80,80,54,in stock,delivery,73,7,USD,unit
Amped Accessories,Seat Cushion Set,Comfortable memory foam cushions,"The EV Seat Cushion Set includes lumbar and seat support designed for long EV rides. Breathable, anti-slip, and ergonomic.",https://example.com/items/seatcushionset.png,100,100,"Charging Standard,Mount Type,Power Output","charging_standard,mount_type,power_output","CCS,Wall,50kW","Charging Standard,Mount Type,Power Output","charging_standard,mount_type,power_output","CCS,Wall,50kW","Charging Standard,Mount Type,Power Output","charging_standard,mount_type,power_output","CCS,Wall,50kW","gen_spec","prod_spec","tech_spec",EV Accessories,ev_acc,SEA-7775,39,39,61,in stock,delivery,36,3,USD,unit
GreenGear SF,EV Dashboard Mount,Adjustable mount for phones in EVs,This universal Dashboard Mount provides strong grip and 360° rotation. Ideal for EVs with built-in navigation and display systems.,https://example.com/items/evdashboardmount.png,100,100,"Power Output,Connectivity,Compatibility","power_output,connectivity,compatibility","50kW,Bluetooth,Universal","Power Output,Connectivity,Compatibility","power_output,connectivity,compatibility","50kW,Bluetooth,Universal","Power Output,Connectivity,Compatibility","power_output,connectivity,compatibility","50kW,Bluetooth,Universal","gen_spec","prod_spec","tech_spec",EV Accessories,ev_acc,EV -6699,71,71,199,in stock,delivery,65,6,USD,unit
GreenGear SF,Tire Inflator Pump,Digital portable tire inflator,"This Tire Inflator is compact and fits in your EV trunk. Features a digital pressure gauge, LED light, and auto shut-off feature.",https://example.com/items/tireinflatorpump.png,100,100,"Battery Type,Color,Charging Standard","battery_type,color,charging_standard","Lithium-ion,Black,CCS","Battery Type,Color,Charging Standard","battery_type,color,charging_standard","Lithium-ion,Black,CCS","Battery Type,Color,Charging Standard","battery_type,color,charging_standard","Lithium-ion,Black,CCS","gen_spec","prod_spec","tech_spec",EV Accessories,ev_acc,TIR-3978,33,33,93,in stock,delivery,30,3,USD,unit
GreenGear SF,EV Trunk Organizer,Multi-compartment storage for EV trunks,"Organize your charging cables, tools, and groceries with this foldable EV Trunk Organizer. Built with waterproof fabric and sturdy walls.",https://example.com/items/evtrunkorganizer.png,100,100,"Connectivity,Voltage,Material","connectivity,voltage,material","Bluetooth,220V,Aluminum","Connectivity,Voltage,Material","connectivity,voltage,material","Bluetooth,220V,Aluminum","Connectivity,Voltage,Material","connectivity,voltage,material","Bluetooth,220V,Aluminum","gen_spec","prod_spec","tech_spec",EV Accessories,ev_acc,EV -1094,127,127,97,in stock,delivery,116,11,USD,unit
GreenGear SF,Seat Cushion Set,Comfortable memory foam cushions,"The EV Seat Cushion Set includes lumbar and seat support designed for long EV rides. Breathable, anti-slip, and ergonomic.",https://example.com/items/seatcushionset.png,100,100,"Connectivity,Battery Type,Charging Standard","connectivity,battery_type,charging_standard","Bluetooth,Lithium-ion,CCS","Connectivity,Battery Type,Charging Standard","connectivity,battery_type,charging_standard","Bluetooth,Lithium-ion,CCS","Connectivity,Battery Type,Charging Standard","connectivity,battery_type,charging_standard","Bluetooth,Lithium-ion,CCS","gen_spec","prod_spec","tech_spec",EV Accessories,ev_acc,SEA-3509,27,27,157,in stock,delivery,25,2,USD,unit
eVolt Outfitters,EV Dashboard Mount,Adjustable mount for phones in EVs,This universal Dashboard Mount provides strong grip and 360° rotation. Ideal for EVs with built-in navigation and display systems.,https://example.com/items/evdashboardmount.png,100,100,"Battery Type,Warranty,Connectivity","battery_type,warranty,connectivity","Lithium-ion,2 years,Bluetooth","Battery Type,Warranty,Connectivity","battery_type,warranty,connectivity","Lithium-ion,2 years,Bluetooth","Battery Type,Warranty,Connectivity","battery_type,warranty,connectivity","Lithium-ion,2 years,Bluetooth","gen_spec","prod_spec","tech_spec",EV Accessories,ev_acc,EV -6086,22,22,96,in stock,delivery,20,2,USD,unit
eVolt Outfitters,Tire Inflator Pump,Digital portable tire inflator,"This Tire Inflator is compact and fits in your EV trunk. Features a digital pressure gauge, LED light, and auto shut-off feature.",https://example.com/items/tireinflatorpump.png,100,100,"Color,Compatibility,Power Output","color,compatibility,power_output","Black,Universal,50kW","Color,Compatibility,Power Output","color,compatibility,power_output","Black,Universal,50kW","Color,Compatibility,Power Output","color,compatibility,power_output","Black,Universal,50kW","gen_spec","prod_spec","tech_spec",EV Accessories,ev_acc,TIR-9090,163,163,98,in stock,delivery,149,14,USD,unit
eVolt Outfitters,EV Trunk Organizer,Multi-compartment storage for EV trunks,"Organize your charging cables, tools, and groceries with this foldable EV Trunk Organizer. Built with waterproof fabric and sturdy walls.",https://example.com/items/evtrunkorganizer.png,100,100,"Mount Type,Color,Battery Type","mount_type,color,battery_type","Wall,Black,Lithium-ion","Mount Type,Color,Battery Type","mount_type,color,battery_type","Wall,Black,Lithium-ion","Mount Type,Color,Battery Type","mount_type,color,battery_type","Wall,Black,Lithium-ion","gen_spec","prod_spec","tech_spec",EV Accessories,ev_acc,EV -9875,66,66,107,in stock,delivery,60,6,USD,unit
eVolt Outfitters,Seat Cushion Set,Comfortable memory foam cushions,"The EV Seat Cushion Set includes lumbar and seat support designed for long EV rides. Breathable, anti-slip, and ergonomic.",https://example.com/items/seatcushionset.png,100,100,"Battery Type,Compatibility,Connectivity","battery_type,compatibility,connectivity","Lithium-ion,Universal,Bluetooth","Battery Type,Compatibility,Connectivity","battery_type,compatibility,connectivity","Lithium-ion,Universal,Bluetooth","Battery Type,Compatibility,Connectivity","battery_type,compatibility,connectivity","Lithium-ion,Universal,Bluetooth","gen_spec","prod_spec","tech_spec",EV Accessories,ev_acc,SEA-7093,100,100,89,in stock,delivery,91,9,USD,unit
WattWise,EV Dashboard Mount,Adjustable mount for phones in EVs,This universal Dashboard Mount provides strong grip and 360° rotation. Ideal for EVs with built-in navigation and display systems.,https://example.com/items/evdashboardmount.png,100,100,"Charging Standard,Mount Type,Color","charging_standard,mount_type,color","CCS,Wall,Black","Charging Standard,Mount Type,Color","charging_standard,mount_type,color","CCS,Wall,Black","Charging Standard,Mount Type,Color","charging_standard,mount_type,color","CCS,Wall,Black","gen_spec","prod_spec","tech_spec",EV Accessories,ev_acc,EV -3721,46,46,198,in stock,delivery,42,4,USD,unit
WattWise,Tire Inflator Pump,Digital portable tire inflator,"This Tire Inflator is compact and fits in your EV trunk. Features a digital pressure gauge, LED light, and auto shut-off feature.",https://example.com/items/tireinflatorpump.png,100,100,"Power Output,Material,Mount Type","power_output,material,mount_type","50kW,Aluminum,Wall","Power Output,Material,Mount Type","power_output,material,mount_type","50kW,Aluminum,Wall","Power Output,Material,Mount Type","power_output,material,mount_type","50kW,Aluminum,Wall","gen_spec","prod_spec","tech_spec",EV Accessories,ev_acc,TIR-4347,54,54,92,in stock,delivery,49,5,USD,unit
WattWise,EV Trunk Organizer,Multi-compartment storage for EV trunks,"Organize your charging cables, tools, and groceries with this foldable EV Trunk Organizer. Built with waterproof fabric and sturdy walls.",https://example.com/items/evtrunkorganizer.png,100,100,"Connectivity,Voltage,Mount Type","connectivity,voltage,mount_type","Bluetooth,220V,Wall","Connectivity,Voltage,Mount Type","connectivity,voltage,mount_type","Bluetooth,220V,Wall","Connectivity,Voltage,Mount Type","connectivity,voltage,mount_type","Bluetooth,220V,Wall","gen_spec","prod_spec","tech_spec",EV Accessories,ev_acc,EV -9271,94,94,58,in stock,delivery,86,8,USD,unit
WattWise,Seat Cushion Set,Comfortable memory foam cushions,"The EV Seat Cushion Set includes lumbar and seat support designed for long EV rides. Breathable, anti-slip, and ergonomic.",https://example.com/items/seatcushionset.png,100,100,"Mount Type,Power Output,Warranty","mount_type,power_output,warranty","Wall,50kW,2 years","Mount Type,Power Output,Warranty","mount_type,power_output,warranty","Wall,50kW,2 years","Mount Type,Power Output,Warranty","mount_type,power_output,warranty","Wall,50kW,2 years","gen_spec","prod_spec","tech_spec",EV Accessories,ev_acc,SEA-7322,129,129,51,in stock,delivery,118,11,USD,unit
DriveAddons,EV Dashboard Mount,Adjustable mount for phones in EVs,This universal Dashboard Mount provides strong grip and 360° rotation. Ideal for EVs with built-in navigation and display systems.,https://example.com/items/evdashboardmount.png,100,100,"Voltage,Mount Type,Color","voltage,mount_type,color","220V,Wall,Black","Voltage,Mount Type,Color","voltage,mount_type,color","220V,Wall,Black","Voltage,Mount Type,Color","voltage,mount_type,color","220V,Wall,Black","gen_spec","prod_spec","tech_spec",EV Accessories,ev_acc,EV -6925,128,128,76,in stock,delivery,117,11,USD,unit
DriveAddons,Tire Inflator Pump,Digital portable tire inflator,"This Tire Inflator is compact and fits in your EV trunk. Features a digital pressure gauge, LED light, and auto shut-off feature.",https://example.com/items/tireinflatorpump.png,100,100,"Color,Voltage,Material","color,voltage,material","Black,220V,Aluminum","Color,Voltage,Material","color,voltage,material","Black,220V,Aluminum","Color,Voltage,Material","color,voltage,material","Black,220V,Aluminum","gen_spec","prod_spec","tech_spec",EV Accessories,ev_acc,TIR-7351,76,76,187,in stock,delivery,69,7,USD,unit
DriveAddons,EV Trunk Organizer,Multi-compartment storage for EV trunks,"Organize your charging cables, tools, and groceries with this foldable EV Trunk Organizer. Built with waterproof fabric and sturdy walls.",https://example.com/items/evtrunkorganizer.png,100,100,"Color,Mount Type,Connectivity","color,mount_type,connectivity","Black,Wall,Bluetooth","Color,Mount Type,Connectivity","color,mount_type,connectivity","Black,Wall,Bluetooth","Color,Mount Type,Connectivity","color,mount_type,connectivity","Black,Wall,Bluetooth","gen_spec","prod_spec","tech_spec",EV Accessories,ev_acc,EV -2757,69,69,139,in stock,delivery,63,6,USD,unit
DriveAddons,Seat Cushion Set,Comfortable memory foam cushions,"The EV Seat Cushion Set includes lumbar and seat support designed for long EV rides. Breathable, anti-slip, and ergonomic.",https://example.com/items/seatcushionset.png,100,100,"Warranty,Charging Standard,Battery Type","warranty,charging_standard,battery_type","2 years,CCS,Lithium-ion","Warranty,Charging Standard,Battery Type","warranty,charging_standard,battery_type","2 years,CCS,Lithium-ion","Warranty,Charging Standard,Battery Type","warranty,charging_standard,battery_type","2 years,CCS,Lithium-ion","gen_spec","prod_spec","tech_spec",EV Accessories,ev_acc,SEA-3594,44,44,178,in stock,delivery,40,4,USD,unit
VoltMate Store,EV Dashboard Mount,Adjustable mount for phones in EVs,This universal Dashboard Mount provides strong grip and 360° rotation. Ideal for EVs with built-in navigation and display systems.,https://example.com/items/evdashboardmount.png,100,100,"Voltage,Power Output,Battery Type","voltage,power_output,battery_type","220V,50kW,Lithium-ion","Voltage,Power Output,Battery Type","voltage,power_output,battery_type","220V,50kW,Lithium-ion","Voltage,Power Output,Battery Type","voltage,power_output,battery_type","220V,50kW,Lithium-ion","gen_spec","prod_spec","tech_spec",EV Accessories,ev_acc,EV -5342,66,66,125,in stock,delivery,60,6,USD,unit
VoltMate Store,Tire Inflator Pump,Digital portable tire inflator,"This Tire Inflator is compact and fits in your EV trunk. Features a digital pressure gauge, LED light, and auto shut-off feature.",https://example.com/items/tireinflatorpump.png,100,100,"Battery Type,Connectivity,Material","battery_type,connectivity,material","Lithium-ion,Bluetooth,Aluminum","Battery Type,Connectivity,Material","battery_type,connectivity,material","Lithium-ion,Bluetooth,Aluminum","Battery Type,Connectivity,Material","battery_type,connectivity,material","Lithium-ion,Bluetooth,Aluminum","gen_spec","prod_spec","tech_spec",EV Accessories,ev_acc,TIR-7993,23,23,162,in stock,delivery,21,2,USD,unit
VoltMate Store,EV Trunk Organizer,Multi-compartment storage for EV trunks,"Organize your charging cables, tools, and groceries with this foldable EV Trunk Organizer. Built with waterproof fabric and sturdy walls.",https://example.com/items/evtrunkorganizer.png,100,100,"Connectivity,Color,Power Output","connectivity,color,power_output","Bluetooth,Black,50kW","Connectivity,Color,Power Output","connectivity,color,power_output","Bluetooth,Black,50kW","Connectivity,Color,Power Output","connectivity,color,power_output","Bluetooth,Black,50kW","gen_spec","prod_spec","tech_spec",EV Accessories,ev_acc,EV -7206,160,160,83,in stock,delivery,146,14,USD,unit
VoltMate Store,Seat Cushion Set,Comfortable memory foam cushions,"The EV Seat Cushion Set includes lumbar and seat support designed for long EV rides. Breathable, anti-slip, and ergonomic.",https://example.com/items/seatcushionset.png,100,100,"Color,Charging Standard,Connectivity","color,charging_standard,connectivity","Black,CCS,Bluetooth","Color,Charging Standard,Connectivity","color,charging_standard,connectivity","Black,CCS,Bluetooth","Color,Charging Standard,Connectivity","color,charging_standard,connectivity","Black,CCS,Bluetooth","gen_spec","prod_spec","tech_spec",EV Accessories,ev_acc,SEA-5388,126,126,179,in stock,delivery,115,11,USD,unit
EVstyle Garage,EV Dashboard Mount,Adjustable mount for phones in EVs,This universal Dashboard Mount provides strong grip and 360° rotation. Ideal for EVs with built-in navigation and display systems.,https://example.com/items/evdashboardmount.png,100,100,"Battery Type,Compatibility,Power Output","battery_type,compatibility,power_output","Lithium-ion,Universal,50kW","Battery Type,Compatibility,Power Output","battery_type,compatibility,power_output","Lithium-ion,Universal,50kW","Battery Type,Compatibility,Power Output","battery_type,compatibility,power_output","Lithium-ion,Universal,50kW","gen_spec","prod_spec","tech_spec",EV Accessories,ev_acc,EV -8762,61,61,118,in stock,delivery,56,5,USD,unit
EVstyle Garage,Tire Inflator Pump,Digital portable tire inflator,"This Tire Inflator is compact and fits in your EV trunk. Features a digital pressure gauge, LED light, and auto shut-off feature.",https://example.com/items/tireinflatorpump.png,100,100,"Mount Type,Warranty,Material","mount_type,warranty,material","Wall,2 years,Aluminum","Mount Type,Warranty,Material","mount_type,warranty,material","Wall,2 years,Aluminum","Mount Type,Warranty,Material","mount_type,warranty,material","Wall,2 years,Aluminum","gen_spec","prod_spec","tech_spec",EV Accessories,ev_acc,TIR-1043,142,142,77,in stock,delivery,130,12,USD,unit
EVstyle Garage,EV Trunk Organizer,Multi-compartment storage for EV trunks,"Organize your charging cables, tools, and groceries with this foldable EV Trunk Organizer. Built with waterproof fabric and sturdy walls.",https://example.com/items/evtrunkorganizer.png,100,100,"Mount Type,Compatibility,Power Output","mount_type,compatibility,power_output","Wall,Universal,50kW","Mount Type,Compatibility,Power Output","mount_type,compatibility,power_output","Wall,Universal,50kW","Mount Type,Compatibility,Power Output","mount_type,compatibility,power_output","Wall,Universal,50kW","gen_spec","prod_spec","tech_spec",EV Accessories,ev_acc,EV -3481,76,76,127,in stock,delivery,69,7,USD,unit
EVstyle Garage,Seat Cushion Set,Comfortable memory foam cushions,"The EV Seat Cushion Set includes lumbar and seat support designed for long EV rides. Breathable, anti-slip, and ergonomic.",https://example.com/items/seatcushionset.png,100,100,"Warranty,Mount Type,Color","warranty,mount_type,color","2 years,Wall,Black","Warranty,Mount Type,Color","warranty,mount_type,color","2 years,Wall,Black","Warranty,Mount Type,Color","warranty,mount_type,color","2 years,Wall,Black","gen_spec","prod_spec","tech_spec",EV Accessories,ev_acc,SEA-2064,50,50,160,in stock,delivery,46,4,USD,unit
PluggedIn Essentials,EV Dashboard Mount,Adjustable mount for phones in EVs,This universal Dashboard Mount provides strong grip and 360° rotation. Ideal for EVs with built-in navigation and display systems.,https://example.com/items/evdashboardmount.png,100,100,"Charging Standard,Battery Type,Warranty","charging_standard,battery_type,warranty","CCS,Lithium-ion,2 years","Charging Standard,Battery Type,Warranty","charging_standard,battery_type,warranty","CCS,Lithium-ion,2 years","Charging Standard,Battery Type,Warranty","charging_standard,battery_type,warranty","CCS,Lithium-ion,2 years","gen_spec","prod_spec","tech_spec",EV Accessories,ev_acc,EV -4409,84,84,131,in stock,delivery,77,7,USD,unit
PluggedIn Essentials,Tire Inflator Pump,Digital portable tire inflator,"This Tire Inflator is compact and fits in your EV trunk. Features a digital pressure gauge, LED light, and auto shut-off feature.",https://example.com/items/tireinflatorpump.png,100,100,"Connectivity,Power Output,Compatibility","connectivity,power_output,compatibility","Bluetooth,50kW,Universal","Connectivity,Power Output,Compatibility","connectivity,power_output,compatibility","Bluetooth,50kW,Universal","Connectivity,Power Output,Compatibility","connectivity,power_output,compatibility","Bluetooth,50kW,Universal","gen_spec","prod_spec","tech_spec",EV Accessories,ev_acc,TIR-6024,30,30,89,in stock,delivery,27,3,USD,unit
PluggedIn Essentials,EV Trunk Organizer,Multi-compartment storage for EV trunks,"Organize your charging cables, tools, and groceries with this foldable EV Trunk Organizer. Built with waterproof fabric and sturdy walls.",https://example.com/items/evtrunkorganizer.png,100,100,"Charging Standard,Voltage,Power Output","charging_standard,voltage,power_output","CCS,220V,50kW","Charging Standard,Voltage,Power Output","charging_standard,voltage,power_output","CCS,220V,50kW","Charging Standard,Voltage,Power Output","charging_standard,voltage,power_output","CCS,220V,50kW","gen_spec","prod_spec","tech_spec",EV Accessories,ev_acc,EV -6450,160,160,199,in stock,delivery,146,14,USD,unit
PluggedIn Essentials,Seat Cushion Set,Comfortable memory foam cushions,"The EV Seat Cushion Set includes lumbar and seat support designed for long EV rides. Breathable, anti-slip, and ergonomic.",https://example.com/items/seatcushionset.png,100,100,"Warranty,Voltage,Battery Type","warranty,voltage,battery_type","2 years,220V,Lithium-ion","Warranty,Voltage,Battery Type","warranty,voltage,battery_type","2 years,220V,Lithium-ion","Warranty,Voltage,Battery Type","warranty,voltage,battery_type","2 years,220V,Lithium-ion","gen_spec","prod_spec","tech_spec",EV Accessories,ev_acc,SEA-8305,50,50,111,in stock,delivery,46,4,USD,unit
SparkCharge Store,EV Dashboard Mount,Adjustable mount for phones in EVs,This universal Dashboard Mount provides strong grip and 360° rotation. Ideal for EVs with built-in navigation and display systems.,https://example.com/items/evdashboardmount.png,100,100,"Charging Standard,Compatibility,Color","charging_standard,compatibility,color","CCS,Universal,Black","Charging Standard,Compatibility,Color","charging_standard,compatibility,color","CCS,Universal,Black","Charging Standard,Compatibility,Color","charging_standard,compatibility,color","CCS,Universal,Black","gen_spec","prod_spec","tech_spec",EV Accessories,ev_acc,EV -9132,44,44,52,in stock,delivery,40,4,USD,unit
SparkCharge Store,Tire Inflator Pump,Digital portable tire inflator,"This Tire Inflator is compact and fits in your EV trunk. Features a digital pressure gauge, LED light, and auto shut-off feature.",https://example.com/items/tireinflatorpump.png,100,100,"Color,Connectivity,Charging Standard","color,connectivity,charging_standard","Black,Bluetooth,CCS","Color,Connectivity,Charging Standard","color,connectivity,charging_standard","Black,Bluetooth,CCS","Color,Connectivity,Charging Standard","color,connectivity,charging_standard","Black,Bluetooth,CCS","gen_spec","prod_spec","tech_spec",EV Accessories,ev_acc,TIR-8999,161,161,70,in stock,delivery,147,14,USD,unit
SparkCharge Store,EV Trunk Organizer,Multi-compartment storage for EV trunks,"Organize your charging cables, tools, and groceries with this foldable EV Trunk Organizer. Built with waterproof fabric and sturdy walls.",https://example.com/items/evtrunkorganizer.png,100,100,"Color,Warranty,Power Output","color,warranty,power_output","Black,2 years,50kW","Color,Warranty,Power Output","color,warranty,power_output","Black,2 years,50kW","Color,Warranty,Power Output","color,warranty,power_output","Black,2 years,50kW","gen_spec","prod_spec","tech_spec",EV Accessories,ev_acc,EV -4847,142,142,197,in stock,delivery,130,12,USD,unit
SparkCharge Store,Seat Cushion Set,Comfortable memory foam cushions,"The EV Seat Cushion Set includes lumbar and seat support designed for long EV rides. Breathable, anti-slip, and ergonomic.",https://example.com/items/seatcushionset.png,100,100,"Mount Type,Color,Charging Standard","mount_type,color,charging_standard","Wall,Black,CCS","Mount Type,Color,Charging Standard","mount_type,color,charging_standard","Wall,Black,CCS","Mount Type,Color,Charging Standard","mount_type,color,charging_standard","Wall,Black,CCS","gen_spec","prod_spec","tech_spec",EV Accessories,ev_acc,SEA-7793,45,45,137,in stock,delivery,41,4,USD,unit
