provider_name,Item_name,short_desc,long_desc,Logo_image_url,max_quantity,min_quantity,tag_name,code,value,category name,category code,sku,min_price,max_price,stock_quantity,stock_status,fulfillments
Tesla Supercharger ,Charging Station_Wheatland,Green Energy,Convenient Charging Point for EV,https://www.google.com/url?sa=i&url=https%3A%2F%2Fwww.teslarati.com%2Ftesla-launches-supercharger-contest%2F&psig=AOvVaw0u6Jo3dPiFb1DxdJUEURSO&ust=1712659050688000&source=images&cd=vfe&opi=89978449&ved=2ahUKEwi0mfyjtrKFAxVjcmwGHfftArsQjRx6BAgAEBY,10,1,"Charging Station, Electric Vehicles,",QWERTY_EV,EV_Charge,Green_EV,Charging Port,EV_899,20,50,5,Yes,BATTERY CHARGING
"Tesla Supercharger, Rawlins",Charging Station_Tesla Wyoming,Green Energy,Convenient Charging Point for EV,https://tse2.mm.bing.net/th/id/OIP.UXglV2JQpR0UgvVkLNs2wwHaE7?rs=1&pid=ImgDetMain,20,1,"Charging Station, Electric Vehicles",QWERTY_EV,EV_Charge,Green_EV,Charging Port,EV_001,20,50,5,Yes,BATTERY CHARGING
InCharge Charging Station,Charging Station_Riverton,Green Energy,Convenient Charging Point for EV,https://mb.cision.com/Public/865/2534256/8215f9c9967f15ea_org.jpg,15,1,"Charging Station, Electric Vehicles",QWERTY_EV,EV_Charge,Green_EV,Charging Port,EV_002,20,50,10,Yes,BATTERY CHARGING
EVgo Charging Station Denver,Charging Station_EvGo Denver,Green Energy,Convenient Charging Point for EV,https://lh5.googleusercontent.com/p/AF1QipOFoHBXp_RmwTrXCFfbRIiOIRGjXtSlyZiMB48I=w173-h175-n-k-no,15,1,"Charging Station, Electric Vehicles",QWERTY_EV,EV_Charge,Green_EV,Charging Port,EV_003,20,50,10,Yes,BATTERY CHARGING
ChargePoint Charging Station Fraser,Charging Station_Fraser,Green Energy,Convenient Charging Point for EV,No photos available,15,1,"Charging Station, Electric Vehicles",QWERTY_EV,EV_Charge,Green_EV,Charging Port,EV_004,20,50,10,Yes,BATTERY CHARGING
ChargePoint Charging Station Granby,Charging Station_Granby,Green Energy,Convenient Charging Point for EV,https://lh3.googleusercontent.com/p/AF1QipMNABUpEbD2CBVqJt9KbtxMH5A7UQyfDMHrXBX5=s1360-w1360-h1020,15,1,"Charging Station, Electric Vehicles",QWERTY_EV,EV_Charge,Green_EV,Charging Port,EV_005,20,50,10,Yes,BATTERY CHARGING
Rivian Waypoints Charging Station,Charging Station_Rivian,Green Energy,Convenient Charging Point for EV,No photos available,15,1,"Charging Station, Electric Vehicles",QWERTY_EV,EV_Charge,Green_EV,Charging Port,EV_006,20,50,10,Yes,BATTERY CHARGING
Electric Vehicle Charging Station Cody,Charging Station_Cody,Green Energy,Convenient Charging Point for EV,No photos available,15,1,"Charging Station, Electric Vehicles",QWERTY_EV,EV_Charge,Green_EV,Charging Port,EV_007,20,50,10,Yes,BATTERY CHARGING
Electrify America Charging Station Littleton,Charging Station_Littleton,Green Energy,Convenient Charging Point for EV,https://lh3.googleusercontent.com/p/AF1QipP4dQ3sO9TnidC1LSkXyg7UU2Hc8VX6W9NGEk3M=s1360-w1360-h1020,15,1,"Charging Station, Electric Vehicles",QWERTY_EV,EV_Charge,Green_EV,Charging Port,EV_008,20,50,10,Yes,BATTERY CHARGING
EVgo Charging Station Signature Cafe,Charging Station_Signature,Green Energy,Convenient Charging Point for EV,https://lh3.googleusercontent.com/p/AF1QipOFoHBXp_RmwTrXCFfbRIiOIRGjXtSlyZiMB48I=s1360-w1360-h1020,15,1,"Charging Station, Electric Vehicles",QWERTY_EV,EV_Charge,Green_EV,Charging Port,EV_009,20,50,10,Yes,BATTERY CHARGING
EV_Charge_Dummy,Charging Station_Walden,Green Energy,Convenient Charging Point for EV,No photos available,15,1,"Charging Station, Electric Vehicles",QWERTY_EV,EV_Charge,Green_EV,Charging Port,EV_010,20,50,10,Yes,BATTERY CHARGING
Tesla_102_Laramie,Charging Station_Laramie,Green Energy_Elk Street,Convenient Charging Point for EV,https://www.boomlive.in/h-upload/2020/12/30/937500-teslacharging.webp,10,1,"Charging Station, Electric Vehicles,",QWERTY_EV,EV_Charge,Green_EV,Charging Port,EV_998,20,50,5,Yes,BATTERY CHARGING
Tesla_103_Denver,Charging Station_Denver,Green Energy,Convenient Charging Point for EV,https://images.wsj.net/im-588678/social,10,1,"Charging Station, Electric Vehicles,",QWERTY_EV,EV_Charge,Green_EV,Charging Port,EV_997,20,50,5,Yes,BATTERY CHARGING
Tesla_104_Fort Collins,Charging Station_Fort Collins,Green Energy,Convenient Charging Point for EV,https://images.ctfassets.net/3xid768u5joa/DK6rLvbGRsqLl5LtjVLzi/6210cec1451d7f2847922bf0e6b0601f/tesla-supercharger.jpg,10,1,"Charging Station, Electric Vehicles,",QWERTY_EV,EV_Charge,Green_EV,Charging Port,EV_996,20,50,5,Yes,BATTERY CHARGING
Tesla_105_Denver,Charging Station_Tesla Denver,Green Energy,Convenient Charging Point for EV,https://encrypted-tbn0.gstatic.com/images?q=tbn:ANd9GcQ8WSRkj4Skik9rkeIG9DUwq-j86xnX2UFjXJrFpO-c5g&s,10,1,"Charging Station, Electric Vehicles,",QWERTY_EV,EV_Charge,Green_EV,Charging Port,EV_995,20,50,5,Yes,BATTERY CHARGING
EVgo Charging Station_Denver,Charging Station_EVgoDenver,Green Energy,Convenient Charging Point for EV,https://media.licdn.com/dms/image/C561BAQHserlmmCQ5mg/company-background_10000/0/1611092793422/evgo_cover?e=2147483647&v=beta&t=cmA_3GRj64REM8TJbgFq13I1RNkLSIBPXu5FXpVcwgw,10,1,"Charging Station, Electric Vehicles,",QWERTY_EV,EV_Charge,Green_EV,Charging Port,EV_994,20,50,5,Yes,BATTERY CHARGING
EVgo Charging Station_Fort Collins1,Charging Station_EVgoFortCollins,Green Energy,Convenient Charging Point for EV,https://encrypted-tbn0.gstatic.com/images?q=tbn:ANd9GcSgkHXETVNQQMUb3ZOB7vRFv7V8KmMuahXSZK60yXrwZQ&s,10,1,"Charging Station, Electric Vehicles,",QWERTY_EV,EV_Charge,Green_EV,Charging Port,EV_993,20,50,5,Yes,BATTERY CHARGING
EVgo Charging Station_Fort Collins2,Charging Station_Gillete,Green Energy,Convenient Charging Point for EV,https://encrypted-tbn0.gstatic.com/images?q=tbn:ANd9GcR_vdXwlRK8FhKZEXS8b-RnoaPO0gi2e8wDo-aV9wNyhA&s,10,1,"Charging Station, Electric Vehicles,",QWERTY_EV,EV_Charge,Green_EV,Charging Port,EV_992,20,50,5,Yes,BATTERY CHARGING
EVgo Charging Station_Denver,Charging Station_Riverton,Green Energy,Convenient Charging Point for EV,https://encrypted-tbn0.gstatic.com/images?q=tbn:ANd9GcQPrO0UbMfPs_TnCrqmLHjXjYTrOW76GDs8WrDK6aeIAw&s,10,1,"Charging Station, Electric Vehicles,",QWERTY_EV,EV_Charge,Green_EV,Charging Port,EV_991,20,50,5,Yes,BATTERY CHARGING
Fairfield Inn & Suites Cheyenne West/I-80,Super Deluxe Room_Fairfield Inn & Suites,Queen Size Beds with AC,Spacious Accomodation for you and your friends,https://images.app.goo.gl/2AftiTMFE543wx5H7,5,1,"Hotels, Accomodation, Luxurious Room",ABC_Hotel,Deluxe_Room,Deluxe_Room,Luxury Rooms,Hot_200,99,150,20,Yes,"CHECK-IN, CHECK-OUT"
Hampton Inn Cheyenne,Super Deluxe Room_Hampton Inn,Twin Beds with AC,Spacious Accomodation for you and your friends,https://images.app.goo.gl/RAn3xdNk7ze87MAs6,5,1,"Hotels, Accomodation, Luxurious Room",ABC_Hotel,Deluxe_Room,Deluxe_Room,Luxury Rooms,Hot_201,99,150,20,Yes,"CHECK-IN, CHECK-OUT"
"Holiday Inn Express & Suites Gillette, an IHG Hotel",Super Deluxe Room_Holiday Inn,Queen Size Beds with AC,Spacious Accomodation for you and your friends,https://www.hilton.com/im/en/CYSNDRU/4818140/cysnd-exterior-02.jpg?impolicy=crop&cw=5376&ch=3010&gravity=NorthWest&xposition=312&yposition=495&rw=768&rh=430,5,1,"Hotels, Accomodation, Luxurious Room",ABC_Hotel,Deluxe_Room,Deluxe_Room,Luxury Rooms,Hot_202,99,150,20,Yes,"CHECK-IN, CHECK-OUT"
Candlewood Suites Cheyenne,Super Deluxe Room_Candlewood Suites,Twin Beds with AC,Spacious Accomodation for you and your friends,https://cdn.worldota.net/t/1024x768/content/51/03/510322f0891d00408e0a8d8230c671b47dd28ad7.jpeg,5,1,"Hotels, Accomodation, Luxurious Room",ABC_Hotel,Deluxe_Room,Deluxe_Room,Luxury Rooms,Hot_203,99,150,20,Yes,"CHECK-IN, CHECK-OUT"
Tru by Hilton Cheyenne,Super Deluxe Room_Tru,Queen Size Beds with AC,Spacious Accomodation for you and your friends,https://www.hilton.com/im/en/CYSNDRU/4818130/cysnd-exterior-01.jpg?impolicy=crop&cw=5376&ch=3010&gravity=NorthWest&xposition=312&yposition=495&rw=768&rh=430,5,1,"Hotels, Accomodation, Luxurious Room",ABC_Hotel,Deluxe_Room,Deluxe_Room,Luxury Rooms,Hot_204,99,150,20,Yes,"CHECK-IN, CHECK-OUT"
La Quinta Inn & Suites by Wyndham Cheyenne,Super Deluxe Room_La Quinta Inn,Twin Beds with AC,Spacious Accomodation for you and your friends,https://maps.app.goo.gl/vPah7UNUqWVVH6bx7,5,1,"Hotels, Accomodation, Luxurious Room",ABC_Hotel,Deluxe_Room,Deluxe_Room,Luxury Rooms,Hot_205,99,150,20,Yes,"CHECK-IN, CHECK-OUT"
Comfort Inn & Suites Gillette,Super Deluxe Room_Comfort Inn ,Queen Size Beds with AC,Spacious Accomodation for you and your friends,https://www.choicehotels.com/hotelmedia/US/WY/gillette/WY053/1280/WY053Exterior2_2.webp,5,1,"Hotels, Accomodation, Luxurious Room",ABC_Hotel,Deluxe_Room,Deluxe_Room,Luxury Rooms,Hot_206,99,150,20,Yes,"CHECK-IN, CHECK-OUT"
Hampton Inn & Suites Gillette,Super Deluxe Room_Hampton Inn,Twin Beds with AC,Spacious Accomodation for you and your friends,https://www.hilton.com/im/en/GILWYHX/2884890/hampton-inn-by-hilton-gillette-exterior-1157702.jpg?impolicy=crop&cw=6016&ch=3368&gravity=NorthWest&xposition=0&yposition=323&rw=768&rh=430,5,1,"Hotels, Accomodation, Luxurious Room",ABC_Hotel,Deluxe_Room,Deluxe_Room,Luxury Rooms,Hot_207,99,150,20,Yes,"CHECK-IN, CHECK-OUT"
Wingate by Wyndham Gillette,Super Deluxe Room_Wingate ,Queen Size Beds with AC,Spacious Accomodation for you and your friends,"https://www.wyndhamhotels.com/content/dam/property-images/en-us/wg/us/wy/gillette/13095/13095_exterior_day_1.jpg?crop=3000:2000;*,*&downsize=1800:*",5,1,"Hotels, Accomodation, Luxurious Room",ABC_Hotel,Deluxe_Room,Deluxe_Room,Luxury Rooms,Hot_208,99,150,20,Yes,"CHECK-IN, CHECK-OUT"
Ramkota by Wyndham Casper,Super Deluxe Room_Ramkota,Twin Beds with AC,Spacious Accomodation for you and your friends,https://dynamic-media-cdn.tripadvisor.com/media/photo-o/1a/53/85/44/ramkota-hotel-conference.jpg?w=1400&h=-1&s=1,5,1,"Hotels, Accomodation, Luxurious Room",ABC_Hotel,Deluxe_Room,Deluxe_Room,Luxury Rooms,Hot_209,99,150,20,Yes,"CHECK-IN, CHECK-OUT"
La Quinta Inn by Wyndham Denver Westminster,Super Deluxe Room,Twin Beds with AC,Spacious Accomodation for you and your friends,https://lh5.googleusercontent.com/p/AF1QipPhDc2c8VKdjFRW-9bL15PMVc3nT22EKGtG91Kh=w426-h240-k-no,5,1,"Hotels, Accomodation, Luxurious Room",ABC_Hotel,Deluxe_Room,Deluxe_Room,Luxury Rooms,Hot_001,99,150,20,Yes,"CHECK-IN, CHECK-OUT"
Best Western Kiva Inn,Super Deluxe Room_Kiva Inn,Twin Beds with AC,Spacious Accomodation for you and your friends,https://lh5.googleusercontent.com/p/AF1QipMwjMCd-6fSY3xLRq6hnda-E__bHmY9r1MgePCI=w408-h272-k-no,5,1,"Hotels, Accomodation, Luxurious Room",ABC_Hotel,Deluxe_Room,Deluxe_Room,Luxury Rooms,Hot_002,99,150,20,Yes,"CHECK-IN, CHECK-OUT"
"The Viking Lodge - Downtown Winter Park, Colorado",Super Deluxe Room_Viking Lodge,Twin Beds with AC,Spacious Accomodation for you and your friends,https://lh3.googleusercontent.com/p/AF1QipMnAqCYIP0Kftld2otul-XJjDe0Mig4VJk5jQy9=s1360-w1360-h1020,5,1,"Hotels, Accomodation, Luxurious Room",ABC_Hotel,Deluxe_Room,Deluxe_Room,Luxury Rooms,Hot_003,99,150,20,Yes,"CHECK-IN, CHECK-OUT"
Best Western Alpenglo Lodge,Super Deluxe Room_Alpenglo Lodge,Twin Beds with AC,Spacious Accomodation for you and your friends,https://lh3.googleusercontent.com/p/AF1QipPg3ENvy-aZdMIZKn1cPZJgiC0ij6dpSro9Cuyv=s1360-w1360-h1020,5,1,"Hotels, Accomodation, Luxurious Room",ABC_Hotel,Deluxe_Room,Deluxe_Room,Luxury Rooms,Hot_004,99,150,20,Yes,"CHECK-IN, CHECK-OUT"
Winter Park Chateau,Super Deluxe Room_Winter Park,Twin Beds with AC,Spacious Accomodation for you and your friends,https://lh3.googleusercontent.com/p/AF1QipOUPGCWxCxwGWva_3OnPXc0ZOxSasMn2IN30IhP=s1360-w1360-h1020,5,1,"Hotels, Accomodation, Luxurious Room",ABC_Hotel,Deluxe_Room,Deluxe_Room,Luxury Rooms,Hot_005,99,150,20,Yes,"CHECK-IN, CHECK-OUT"
"Holiday Inn Express & Suites Fraser - Winter Park Area, an IHG Hotel",Super Deluxe Room_IHG Hotel,Twin Beds with AC,Spacious Accomodation for you and your friends,https://lh3.googleusercontent.com/p/AF1QipN3-nphahTAaOqAxvjlM0Hk2ac_PjBPVng2YISS=s1360-w1360-h1020,5,1,"Hotels, Accomodation, Luxurious Room",ABC_Hotel,Deluxe_Room,Deluxe_Room,Luxury Rooms,Hot_006,99,150,20,Yes,"CHECK-IN, CHECK-OUT"
Hotel Wolf,Super Deluxe Room,Twin Beds with AC,Spacious Accomodation for you and your friends,https://lh3.googleusercontent.com/gps-proxy/ALd4DhF615V2L-D6Zru6Eb3rE-JYcYlL0KEmMQQAEqZhtSPTHwYMC9ao7BKyC-rYTOnxdkTmeFVFQ-tiKLZstmw_t9oqeIxYvqtQ7q9o62neQTVy8mCgg3Ur23BShoIgRb5gCOYeINaB8jbRdeSIvM7yHZBJuVitnVBJqeU1Ge4PYdhqfc5Uj0KExwyg=w408-h269-k-no,5,1,"Hotels, Accomodation, Luxurious Room",ABC_Hotel,Deluxe_Room,Deluxe_Room,Luxury Rooms,Hot_007,99,150,20,Yes,"CHECK-IN, CHECK-OUT"
Lake Yellowstone Hotel,Super Deluxe Room,Twin Beds with AC,Spacious Accomodation for you and your friends,https://lh3.googleusercontent.com/proxy/avUaQ9fq3NQxbggUjq0Pk3Nz3Lca3VwLMQ9q5DjDd5jP-v6as_C8oWPK9voa191u_G72ezG7acHwwjHwOtwxl1lMQSXTg1vponMZYK94NboYPy9g2GQQytgQrSelzN_xwfYbghX563W41eRBIlkQGgYcONUknqE=s1360-w1360-h1020,5,1,"Hotels, Accomodation, Luxurious Room",ABC_Hotel,Deluxe_Room,Deluxe_Room,Luxury Rooms,Hot_008,99,150,20,Yes,"CHECK-IN, CHECK-OUT"
Littletree Inn,Super Deluxe Room,Twin Beds with AC,Spacious Accomodation for you and your friends,https://lh3.googleusercontent.com/p/AF1QipNiXZgHrO4vF1_cZKDOCpWGToOwsItWQ4LT6Awq=s1360-w1360-h1020,5,1,"Hotels, Accomodation, Luxurious Room",ABC_Hotel,Deluxe_Room,Deluxe_Room,Luxury Rooms,Hot_009,99,150,20,Yes,"CHECK-IN, CHECK-OUT"
"The Golden Hotel, Ascend Hotel Collection",Super Deluxe Room,Twin Beds with AC,Spacious Accomodation for you and your friends,https://lh3.googleusercontent.com/p/AF1QipM7FKbNaa4SuOmAwOQ8XxI3-5NgzXUOyytL1X1r=s1360-w1360-h1020,5,1,"Hotels, Accomodation, Luxurious Room",ABC_Hotel,Deluxe_Room,Deluxe_Room,Luxury Rooms,Hot_010,99,150,20,Yes,"CHECK-IN, CHECK-OUT"
The Armstrong Hotel,Super Deluxe Room,Queen Size Beds with AC,Spacious Accomodation for you and your friends,https://lh5.googleusercontent.com/p/AF1QipNoSvrYihmdvWnyIss0gpgmRQXo-q8xdmWsQGIK=w408-h271-k-no,5,1,"Hotels, Accomodation, Luxurious Room",ABC_Hotel,Deluxe_Room,Deluxe_Room,Luxury Rooms,Hot_999,99,150,20,Yes,"CHECK-IN, CHECK-OUT"
Days Inn by Wyndham Laramie,Super Deluxe Room_Wynd,Twin Beds with AC,Spacious Accomodation for you and your friends,https://businesstravellife.com/wp-content/uploads/2015/09/best-hotel-beds-marriott.jpg,5,1,"Hotels, Accomodation, Luxurious Room",ABC_Hotel,Deluxe_Room,Deluxe_Room,Luxury Rooms,Hot_997,99,150,20,Yes,"CHECK-IN, CHECK-OUT"
"Holiday Inn Express Denver Downtown, an IHG Hotel",Super Deluxe Room_Holi,Twin Beds with AC,Spacious Accomodation for you and your friends,https://tse4.mm.bing.net/th/id/OIP.lKaGarvMechUvFTWXQyvyQHaC9?w=1024&h=409&rs=1&pid=ImgDetMain,5,1,"Hotels, Accomodation, Luxurious Room",ABC_Hotel,Deluxe_Room,Deluxe_Room,Luxury Rooms,Hot_996,99,150,20,Yes,"CHECK-IN, CHECK-OUT"
"Staybridge Suites Denver Downtown, an IHG Hotel",Super Deluxe Room_Staybridge,Twin Beds with AC,Spacious Accomodation for you and your friends,https://tse3.mm.bing.net/th/id/OIP.pNXi8hpLxiSgXdISqp88UAHaEJ?w=768&h=430&rs=1&pid=ImgDetMain,5,1,"Hotels, Accomodation, Luxurious Room",ABC_Hotel,Deluxe_Room,Deluxe_Room,Luxury Rooms,Hot_995,99,150,20,Yes,"CHECK-IN, CHECK-OUT"
Days Inn by Wyndham Denver Downtown,Super Deluxe Room_Days,Twin Beds with AC,Spacious Accomodation for you and your friends,https://media-cdn.tripadvisor.com/media/photo-s/10/40/d8/24/deluxe-king-waterview.jpg,5,1,"Hotels, Accomodation, Luxurious Room",ABC_Hotel,Deluxe_Room,Deluxe_Room,Luxury Rooms,Hot_994,99,150,20,Yes,"CHECK-IN, CHECK-OUT"
"The Elizabeth Hotel, Autograph Collection",Super Deluxe Room_Auto,Twin Beds with AC,Spacious Accomodation for you and your friends,https://media-cdn.tripadvisor.com/media/photo-s/13/37/d9/96/guest-room.jpg,5,1,"Hotels, Accomodation, Luxurious Room",ABC_Hotel,Deluxe_Room,Deluxe_Room,Luxury Rooms,Hot_993,99,150,20,Yes,"CHECK-IN, CHECK-OUT"
Travelodge by Wyndham Laramie,Super Deluxe Room_Wylaramie,Twin Beds with AC,Spacious Accomodation for you and your friends,https://tse1.mm.bing.net/th/id/OIP.gfl-3sS7fZYjcRyIxMZUNwHaE8?w=768&h=512&rs=1&pid=ImgDetMain,5,1,"Hotels, Accomodation, Luxurious Room",ABC_Hotel,Deluxe_Room,Deluxe_Room,Luxury Rooms,Hot_992,99,150,20,Yes,"CHECK-IN, CHECK-OUT"
the Curtis Denver - a DoubleTree by Hilton Hotel,Super Deluxe Room_Curtis,Twin Beds with AC,Spacious Accomodation for you and your friends,https://tse3.mm.bing.net/th/id/OIP.s-eS-q9HG5TtQSpdJ5cgGwHaEj?w=542&h=333&rs=1&pid=ImgDetMain,5,1,"Hotels, Accomodation, Luxurious Room",ABC_Hotel,Deluxe_Room,Deluxe_Room,Luxury Rooms,Hot_991,99,150,20,Yes,"CHECK-IN, CHECK-OUT"
Hyatt Hotel (Dummy),Super Deluxe Room_Hyatt,Twin Beds with AC,Spacious Accomodation for you and your friends,https://dynamic-media-cdn.tripadvisor.com/media/photo-o/07/de/06/09/manhattan-view.jpg?w=700&h=-1&s=1,5,1,"Hotels, Accomodation, Luxurious Room",ABC_Hotel,Deluxe_Room,Deluxe_Room,Luxury Rooms,Hot_990,99,150,20,Yes,"CHECK-IN, CHECK-OUT"
Wyndham Roomstays (Dummy),Super Deluxe Room_Dummywynd,Twin Beds with AC,Spacious Accomodation for you and your friends,https://i.travelapi.com/hotels/1000000/10000/9600/9572/361165d3_z.jpg,5,1,"Hotels, Accomodation, Luxurious Room",ABC_Hotel,Deluxe_Room,Deluxe_Room,Luxury Rooms,Hot_989,99,150,20,Yes,"CHECK-IN, CHECK-OUT"
Denver Market,Packaged food - snacks,"Snacks are quick bites of food enjoyed between meals or as light refreshments, offering convenience and satisfaction in various flavors and forms.","Snacks are convenient and often flavorful food items consumed between meals or as light refreshments. Ranging from savory to sweet, snacks come in diverse forms such as chips, nuts, crackers, cookies, fruit bars, and more. They offer quick satisfaction, energy boosts, and sometimes nutritional benefits, catering to different tastes and dietary preferences. Snacks are enjoyed on-the-go, during breaks, or as accompaniments to social gatherings, providing a convenient and versatile option for satisfying hunger cravings and indulging in culinary delights.",https://lh5.googleusercontent.com/p/AF1QipMf97T2bpanOdLlsAZMWEYtjGhbEzTOSQ11mN4h=w408-h306-k-no,5000,10,"Grocery Store, Convenience Store, Departmental Store",XYZ_Retail,Essentials_Goods,Storefront_items,Essential Commodity,Groc_999,1,20,500,Yes,STORE PICKUP
Denver Market,Biscuits ,"Biscuits are crisp, baked treats made from a mixture of flour, sugar, butter, and leavening agents, offering a delightful snack or accompaniment to beverages.","Biscuits are delightful baked goods enjoyed for their crisp texture and versatile flavors. Made from a simple combination of flour, sugar, butter, and leavening agents such as baking powder or baking soda, biscuits are mixed into a dough, shaped, and baked until golden brown. They come in a variety of forms, including sweet biscuits like shortbread or chocolate chip cookies, and savory options like cheese biscuits or crackers. ",https://cdn.pixabay.com/photo/2018/03/11/09/08/cookie-3216243_1280.jpg,5000,10,"Grocery Store, Convenience Store, Departmental Store",XYZ_Retail,Essentials_Goods,Storefront_items,Essential Commodity,Groc_999,1,20,500,Yes,STORE PICKUP
Denver Market,Chips,"Chips are crispy, savory snacks made from thinly sliced potatoes or other ingredients, offering a satisfying crunch in various flavors.","Chips are popular savory snacks enjoyed worldwide, typically made from thinly sliced potatoes or alternative ingredients like corn, tapioca, or vegetables. These slices are deep-fried, baked, or air-dried to achieve a crispy texture and seasoned with various flavorings such as salt, cheese, barbecue, or herbs. Chips come in a wide array of shapes, including classic potato chips, tortilla chips, and vegetable chips, offering a crunchy and satisfying snack experience. They are often enjoyed on their own, paired with dips, or as accompaniments to meals, providing a convenient and flavorful option for snacking.",https://cdn.pixabay.com/photo/2024/04/01/06/57/cookies-8668144_1280.jpg,5000,10,"Grocery Store, Convenience Store, Departmental Store",XYZ_Retail,Essentials_Goods,Storefront_items,Essential Commodity,Groc_999,1,20,500,Yes,STORE PICKUP
Tejal India Grocery,Water Bottle,"A water bottle is a portable container designed for carrying and dispensing water, ideal for hydration on the go.","A water bottle is a convenient and portable container crafted to hold water for easy access and consumption. Available in various sizes, shapes, and materials such as plastic, stainless steel, or glass, water bottles are designed for versatility and durability. They often feature leak-proof caps or lids, making them suitable for travel, outdoor activities, or daily use. Water bottles promote hydration, providing a convenient way to carry and access water throughout the day, whether at work, school, the gym, or during outdoor adventures.",https://maps.app.goo.gl/348z1L6Px3Hie1eF8,5000,10,"Grocery Store, Convenience Store, Departmental Store",XYZ_Retail,Essentials_Goods,Storefront_items,Essential Commodity,Groc_998,1,20,500,Yes,STORE PICKUP
Tejal India Grocery,Burger ,"A burger is a savory sandwich consisting of a grilled or fried patty made from ground meat or plant-based ingredients, typically served in a soft bun with various toppings and condiments.","A burger is a popular and versatile sandwich enjoyed for its savory flavors and customizable toppings. At its core is a patty made from ground beef, though alternatives such as turkey, chicken, or vegetarian options like black bean or quinoa patties are also common. The patty is seasoned, shaped, and either grilled or fried until cooked through, then placed between soft buns. Burgers are often accompanied by a variety of toppings such as lettuce, tomato, onions, pickles, cheese, and sauces like ketchup, mustard, or mayonnaise. ",https://cdn.pixabay.com/photo/2024/04/01/06/57/cookies-8668144_1280.jpg,5000,10,"Grocery Store, Convenience Store, Departmental Store",XYZ_Retail,Essentials_Goods,Storefront_items,Essential Commodity,Groc_998,1,20,500,Yes,STORE PICKUP
Tejal India Grocery,Cake,"Cake is a sweet and indulgent dessert made from a combination of flour, sugar, eggs, and flavorings, often topped with frosting or icing for added sweetness.","Cake is a classic dessert enjoyed for its rich flavor and decadent texture. Typically made from a blend of flour, sugar, eggs, and butter or oil, cakes come in a variety of types and flavors, ranging from moist chocolate to light vanilla. Additional ingredients such as cocoa powder, fruits, nuts, or flavor extracts may be incorporated to enhance taste and texture. Once baked, cakes are often adorned with frosting, icing, or glaze, adding sweetness and visual appeal. Whether enjoyed on special occasions like birthdays or weddings, or simply as a delightful treat, cake serves as a beloved symbol of celebration and indulgence in culinary traditions worldwide.",https://cdn.pixabay.com/photo/2016/11/22/18/52/cake-1850011_1280.jpg,5000,10,"Grocery Store, Convenience Store, Departmental Store",XYZ_Retail,Essentials_Goods,Storefront_items,Essential Commodity,Groc_998,1,20,500,Yes,STORE PICKUP
King Soopers,Chips,"Chips are crispy, savory snacks made from thinly sliced potatoes or other ingredients, offering a satisfying crunch in various flavors.","Chips are popular savory snacks enjoyed worldwide, typically made from thinly sliced potatoes or alternative ingredients like corn, tapioca, or vegetables. These slices are deep-fried, baked, or air-dried to achieve a crispy texture and seasoned with various flavorings such as salt, cheese, barbecue, or herbs. Chips come in a wide array of shapes, including classic potato chips, tortilla chips, and vegetable chips, offering a crunchy and satisfying snack experience. They are often enjoyed on their own, paired with dips, or as accompaniments to meals, providing a convenient and flavorful option for snacking.",https://lh5.googleusercontent.com/p/AF1QipPvxe-5xFeaIJWEAsZciTqTakJBHC422HFfYIzC=w426-h240-k-no,5000,10,"Grocery Store, Convenience Store, Departmental Store",XYZ_Retail,Essentials_Goods,Storefront_items,Essential Commodity,Groc_1000,1,20,500,Yes,STORE PICKUP
King Soopers,Chocolate ,"Chocolate is a beloved sweet treat made from cocoa beans, offering a rich and indulgent flavor experience in various forms such as bars, truffles, and confections.","Chocolate is a decadent and versatile confection cherished worldwide for its rich flavor and creamy texture. Derived from cocoa beans harvested from the cacao tree, chocolate undergoes a process of roasting, grinding, and refining to produce cocoa mass, which forms the basis of chocolate products.",https://cdn.pixabay.com/photo/2023/12/18/11/05/chocolate-8455786_1280.jpg,5000,10,"Grocery Store, Convenience Store, Departmental Store",XYZ_Retail,Essentials_Goods,Storefront_items,Essential Commodity,Groc_1000,1,20,500,Yes,STORE PICKUP
King Soopers,Bacon ,"A bacon is a savory meat product typically made from pork belly that is cured, smoked, and sliced, offering a salty and flavorful addition to various dishes.","Bacon is a savory meat product derived from pork belly, characterized by its rich flavor and crispy texture. The bacon-making process involves curing the pork belly with salt and sometimes sugar, along with seasonings and spices, to impart flavor and preserve the meat. After curing, the bacon is often smoked using wood chips or liquid smoke, adding depth and complexity to its taste profile. Once cured and smoked, the bacon is sliced thinly and can be cooked by frying, baking, or grilling until crispy. ",https://cdn.pixabay.com/photo/2017/02/11/14/19/valentines-day-2057745_1280.jpg,5000,10,"Grocery Store, Convenience Store, Departmental Store",XYZ_Retail,Essentials_Goods,Storefront_items,Essential Commodity,Groc_1000,1,20,500,Yes,STORE PICKUP
Max Market,Cake,"Cake is a sweet and indulgent dessert made from a combination of flour, sugar, eggs, and flavorings, often topped with frosting or icing for added sweetness.","Cake is a classic dessert enjoyed for its rich flavor and decadent texture. Typically made from a blend of flour, sugar, eggs, and butter or oil, cakes come in a variety of types and flavors, ranging from moist chocolate to light vanilla. Additional ingredients such as cocoa powder, fruits, nuts, or flavor extracts may be incorporated to enhance taste and texture. Once baked, cakes are often adorned with frosting, icing, or glaze, adding sweetness and visual appeal. Whether enjoyed on special occasions like birthdays or weddings, or simply as a delightful treat, cake serves as a beloved symbol of celebration and indulgence in culinary traditions worldwide.",https://maps.app.goo.gl/VtAwBv1VMEAH9o216,5000,10,"Grocery Store, Convenience Store, Departmental Store",XYZ_Retail,Essentials_Goods,Storefront_items,Essential Commodity,Groc_1001,1,20,500,Yes,STORE PICKUP
Max Market,Chocolate ,"Chocolate is a beloved sweet treat made from cocoa beans, offering a rich and indulgent flavor experience in various forms such as bars, truffles, and confections.","Chocolate is a decadent and versatile confection cherished worldwide for its rich flavor and creamy texture. Derived from cocoa beans harvested from the cacao tree, chocolate undergoes a process of roasting, grinding, and refining to produce cocoa mass, which forms the basis of chocolate products.",https://cdn.pixabay.com/photo/2023/12/18/11/05/chocolate-8455786_1280.jpg,5000,10,"Grocery Store, Convenience Store, Departmental Store",XYZ_Retail,Essentials_Goods,Storefront_items,Essential Commodity,Groc_1001,1,20,500,Yes,STORE PICKUP
Max Market,Sweets ,"Sweets are sugary treats enjoyed for their indulgent flavors and satisfying sweetness, encompassing a wide range of confections such as candies, chocolates, pastries, and desserts.","Sweets are delightful treats cherished for their sugary taste and ability to satisfy cravings for something indulgent. This broad category includes a diverse array of confections, ranging from candies and chocolates to pastries, cakes, and desserts. Sweets are often made from ingredients such as sugar, chocolate, flour, butter, eggs, and various flavorings, resulting in a wide variety of textures, flavors, and presentations. ",https://cdn.pixabay.com/photo/2017/02/11/14/19/valentines-day-2057745_1280.jpg,5000,10,"Grocery Store, Convenience Store, Departmental Store",XYZ_Retail,Essentials_Goods,Storefront_items,Essential Commodity,Groc_1001,1,20,500,Yes,STORE PICKUP
King Soopers,Biscuits ,"Biscuits are crisp, baked treats made from a mixture of flour, sugar, butter, and leavening agents, offering a delightful snack or accompaniment to beverages.","Biscuits are delightful baked goods enjoyed for their crisp texture and versatile flavors. Made from a simple combination of flour, sugar, butter, and leavening agents such as baking powder or baking soda, biscuits are mixed into a dough, shaped, and baked until golden brown. They come in a variety of forms, including sweet biscuits like shortbread or chocolate chip cookies, and savory options like cheese biscuits or crackers. ",https://lh5.googleusercontent.com/p/AF1QipPvxe-5xFeaIJWEAsZciTqTakJBHC422HFfYIzC=w426-h240-k-no,5000,10,"Grocery Store, Convenience Store, Departmental Store",XYZ_Retail,Essentials_Goods,Storefront_items,Essential Commodity,Groc_1000,1,20,500,Yes,STORE PICKUP
King Soopers,Nutty savory snack,"A blend of various crunchy ingredients like nuts, lentils, and spices, often seasoned with flavorful spices and herbs","A popular savory snack enjoyed for its crunchy texture and bold flavors. It typically consists of a mixture of roasted or fried ingredients such as nuts (like peanuts, cashews), lentils (such as chickpeas, green peas), and fried noodles or poha (flattened rice), combined with a variety of spices and seasonings. ",https://cdn.pixabay.com/photo/2017/09/17/22/01/pretzels-2759994_1280.jpg,5000,10,"Grocery Store, Convenience Store, Departmental Store",XYZ_Retail,Essentials_Goods,Storefront_items,Essential Commodity,Groc_1000,1,20,500,Yes,STORE PICKUP
Target Grocery,Burger ,"A burger is a savory sandwich consisting of a grilled or fried patty made from ground meat or plant-based ingredients, typically served in a soft bun with various toppings and condiments.","A burger is a popular and versatile sandwich enjoyed for its savory flavors and customizable toppings. At its core is a patty made from ground beef, though alternatives such as turkey, chicken, or vegetarian options like black bean or quinoa patties are also common. The patty is seasoned, shaped, and either grilled or fried until cooked through, then placed between soft buns. Burgers are often accompanied by a variety of toppings such as lettuce, tomato, onions, pickles, cheese, and sauces like ketchup, mustard, or mayonnaise. ",https://images.app.goo.gl/2N8vADtDkNbYz1RG9,5000,10,"Grocery Store, Convenience Store, Departmental Store",XYZ_Retail,Essentials_Goods,Storefront_items,Essential Commodity,Groc_1003,1,20,500,Yes,STORE PICKUP
Target Grocery,Cake,"Cake is a sweet and indulgent dessert made from a combination of flour, sugar, eggs, and flavorings, often topped with frosting or icing for added sweetness.","Cake is a classic dessert enjoyed for its rich flavor and decadent texture. Typically made from a blend of flour, sugar, eggs, and butter or oil, cakes come in a variety of types and flavors, ranging from moist chocolate to light vanilla. Additional ingredients such as cocoa powder, fruits, nuts, or flavor extracts may be incorporated to enhance taste and texture. Once baked, cakes are often adorned with frosting, icing, or glaze, adding sweetness and visual appeal. Whether enjoyed on special occasions like birthdays or weddings, or simply as a delightful treat, cake serves as a beloved symbol of celebration and indulgence in culinary traditions worldwide.",https://cdn.pixabay.com/photo/2016/11/22/18/52/cake-1850011_1280.jpg,5000,10,"Grocery Store, Convenience Store, Departmental Store",XYZ_Retail,Essentials_Goods,Storefront_items,Essential Commodity,Groc_1003,1,20,500,Yes,STORE PICKUP
Target Grocery,Chocolate ,"Chocolate is a beloved sweet treat made from cocoa beans, offering a rich and indulgent flavor experience in various forms such as bars, truffles, and confections.","Chocolate is a decadent and versatile confection cherished worldwide for its rich flavor and creamy texture. Derived from cocoa beans harvested from the cacao tree, chocolate undergoes a process of roasting, grinding, and refining to produce cocoa mass, which forms the basis of chocolate products.",https://cdn.pixabay.com/photo/2017/02/11/14/19/valentines-day-2057745_1280.jpg,5000,10,"Grocery Store, Convenience Store, Departmental Store",XYZ_Retail,Essentials_Goods,Storefront_items,Essential Commodity,Groc_1003,1,20,500,Yes,STORE PICKUP
Safeway,Chocolate ,"Chocolate is a beloved sweet treat made from cocoa beans, offering a rich and indulgent flavor experience in various forms such as bars, truffles, and confections.","Chocolate is a decadent and versatile confection cherished worldwide for its rich flavor and creamy texture. Derived from cocoa beans harvested from the cacao tree, chocolate undergoes a process of roasting, grinding, and refining to produce cocoa mass, which forms the basis of chocolate products.",https://www.mashed.com/img/gallery/the-untold-truth-of-safeway/intro-1641239562.jpg,5000,10,"Grocery Store, Convenience Store, Departmental Store",XYZ_Retail,Essentials_Goods,Storefront_items,Essential Commodity,Groc_1004,1,20,500,Yes,STORE PICKUP
Safeway,Biscuits ,"Biscuits are crisp, baked treats made from a mixture of flour, sugar, butter, and leavening agents, offering a delightful snack or accompaniment to beverages.","Biscuits are delightful baked goods enjoyed for their crisp texture and versatile flavors. Made from a simple combination of flour, sugar, butter, and leavening agents such as baking powder or baking soda, biscuits are mixed into a dough, shaped, and baked until golden brown. They come in a variety of forms, including sweet biscuits like shortbread or chocolate chip cookies, and savory options like cheese biscuits or crackers. ",https://cdn.pixabay.com/photo/2016/12/06/15/26/cookies-1886760_1280.jpg,5000,10,"Grocery Store, Convenience Store, Departmental Store",XYZ_Retail,Essentials_Goods,Storefront_items,Essential Commodity,Groc_1004,1,20,500,Yes,STORE PICKUP
Safeway,Nutty savory snack,"A blend of various crunchy ingredients like nuts, lentils, and spices, often seasoned with flavorful spices and herbs","A popular savory snack enjoyed for its crunchy texture and bold flavors. It typically consists of a mixture of roasted or fried ingredients such as nuts (like peanuts, cashews), lentils (such as chickpeas, green peas), and fried noodles or poha (flattened rice), combined with a variety of spices and seasonings. ",https://cdn.pixabay.com/photo/2017/09/17/22/01/pretzels-2759994_1280.jpg,5000,10,"Grocery Store, Convenience Store, Departmental Store",XYZ_Retail,Essentials_Goods,Storefront_items,Essential Commodity,Groc_1004,1,20,500,Yes,STORE PICKUP
"Whole Foods Market, Casper",Bacon ,"A bacon is a savory meat product typically made from pork belly that is cured, smoked, and sliced, offering a salty and flavorful addition to various dishes.","Bacon is a savory meat product derived from pork belly, characterized by its rich flavor and crispy texture. The bacon-making process involves curing the pork belly with salt and sometimes sugar, along with seasonings and spices, to impart flavor and preserve the meat. After curing, the bacon is often smoked using wood chips or liquid smoke, adding depth and complexity to its taste profile. Once cured and smoked, the bacon is sliced thinly and can be cooked by frying, baking, or grilling until crispy. ",https://maps.app.goo.gl/wBJono9zHWiR8S2A7,5000,10,"Grocery Store, Convenience Store, Departmental Store",XYZ_Retail,Essentials_Goods,Storefront_items,Essential Commodity,Groc_1005,1,20,500,Yes,STORE PICKUP
"Whole Foods Market, Casper",Burger ,"A burger is a savory sandwich consisting of a grilled or fried patty made from ground meat or plant-based ingredients, typically served in a soft bun with various toppings and condiments.","A burger is a popular and versatile sandwich enjoyed for its savory flavors and customizable toppings. At its core is a patty made from ground beef, though alternatives such as turkey, chicken, or vegetarian options like black bean or quinoa patties are also common. The patty is seasoned, shaped, and either grilled or fried until cooked through, then placed between soft buns. Burgers are often accompanied by a variety of toppings such as lettuce, tomato, onions, pickles, cheese, and sauces like ketchup, mustard, or mayonnaise. ",https://cdn.pixabay.com/photo/2024/04/01/06/57/cookies-8668144_1280.jpg,5000,10,"Grocery Store, Convenience Store, Departmental Store",XYZ_Retail,Essentials_Goods,Storefront_items,Essential Commodity,Groc_1005,1,20,500,Yes,STORE PICKUP
"Whole Foods Market, Casper",Water Bottle,"A water bottle is a portable container designed for carrying and dispensing water, ideal for hydration on the go.","A water bottle is a convenient and portable container crafted to hold water for easy access and consumption. Available in various sizes, shapes, and materials such as plastic, stainless steel, or glass, water bottles are designed for versatility and durability. They often feature leak-proof caps or lids, making them suitable for travel, outdoor activities, or daily use. Water bottles promote hydration, providing a convenient way to carry and access water throughout the day, whether at work, school, the gym, or during outdoor adventures.",https://cdn.pixabay.com/photo/2017/09/17/22/01/pretzels-2759994_1280.jpg,5000,10,"Grocery Store, Convenience Store, Departmental Store",XYZ_Retail,Essentials_Goods,Storefront_items,Essential Commodity,Groc_1005,1,20,500,Yes,STORE PICKUP
Save a Lot,Sweets ,"Sweets are sugary treats enjoyed for their indulgent flavors and satisfying sweetness, encompassing a wide range of confections such as candies, chocolates, pastries, and desserts.","Sweets are delightful treats cherished for their sugary taste and ability to satisfy cravings for something indulgent. This broad category includes a diverse array of confections, ranging from candies and chocolates to pastries, cakes, and desserts. Sweets are often made from ingredients such as sugar, chocolate, flour, butter, eggs, and various flavorings, resulting in a wide variety of textures, flavors, and presentations. ",https://images.app.goo.gl/kftSpFx6CjMz7B7n8,5000,10,"Grocery Store, Convenience Store, Departmental Store",XYZ_Retail,Essentials_Goods,Storefront_items,Essential Commodity,Groc_1006,1,20,500,Yes,STORE PICKUP
Save a Lot,Chocolate ,"Chocolate is a beloved sweet treat made from cocoa beans, offering a rich and indulgent flavor experience in various forms such as bars, truffles, and confections.","Chocolate is a decadent and versatile confection cherished worldwide for its rich flavor and creamy texture. Derived from cocoa beans harvested from the cacao tree, chocolate undergoes a process of roasting, grinding, and refining to produce cocoa mass, which forms the basis of chocolate products.",https://cdn.pixabay.com/photo/2017/02/11/14/19/valentines-day-2057745_1280.jpg,5000,10,"Grocery Store, Convenience Store, Departmental Store",XYZ_Retail,Essentials_Goods,Storefront_items,Essential Commodity,Groc_1006,1,20,500,Yes,STORE PICKUP
Save a Lot,Biscuits ,"Biscuits are crisp, baked treats made from a mixture of flour, sugar, butter, and leavening agents, offering a delightful snack or accompaniment to beverages.","Biscuits are delightful baked goods enjoyed for their crisp texture and versatile flavors. Made from a simple combination of flour, sugar, butter, and leavening agents such as baking powder or baking soda, biscuits are mixed into a dough, shaped, and baked until golden brown. They come in a variety of forms, including sweet biscuits like shortbread or chocolate chip cookies, and savory options like cheese biscuits or crackers. ",https://cdn.pixabay.com/photo/2016/12/06/15/26/cookies-1886760_1280.jpg,5000,10,"Grocery Store, Convenience Store, Departmental Store",XYZ_Retail,Essentials_Goods,Storefront_items,Essential Commodity,Groc_1006,1,20,500,Yes,STORE PICKUP
Pacific Mercentile Company,Nutty savory snack,"A blend of various crunchy ingredients like nuts, lentils, and spices, often seasoned with flavorful spices and herbs","A popular savory snack enjoyed for its crunchy texture and bold flavors. It typically consists of a mixture of roasted or fried ingredients such as nuts (like peanuts, cashews), lentils (such as chickpeas, green peas), and fried noodles or poha (flattened rice), combined with a variety of spices and seasonings. ",https://www.yelp.com/biz_photos/pacific-mercantile-company-denver-2?select=hjRz4u2P9bE53CwCtKTiXg,5000,10,"Grocery Store, Convenience Store, Departmental Store",XYZ_Retail,Essentials_Goods,Storefront_items,Essential Commodity,Groc_1007,1,20,500,Yes,STORE PICKUP
Pacific Mercentile Company,Chocolate ,"Chocolate is a beloved sweet treat made from cocoa beans, offering a rich and indulgent flavor experience in various forms such as bars, truffles, and confections.","Chocolate is a decadent and versatile confection cherished worldwide for its rich flavor and creamy texture. Derived from cocoa beans harvested from the cacao tree, chocolate undergoes a process of roasting, grinding, and refining to produce cocoa mass, which forms the basis of chocolate products.",https://cdn.pixabay.com/photo/2017/02/11/14/19/valentines-day-2057745_1280.jpg,5000,10,"Grocery Store, Convenience Store, Departmental Store",XYZ_Retail,Essentials_Goods,Storefront_items,Essential Commodity,Groc_1007,1,20,500,Yes,STORE PICKUP
Pacific Mercentile Company,Biscuits ,"Biscuits are crisp, baked treats made from a mixture of flour, sugar, butter, and leavening agents, offering a delightful snack or accompaniment to beverages.","Biscuits are delightful baked goods enjoyed for their crisp texture and versatile flavors. Made from a simple combination of flour, sugar, butter, and leavening agents such as baking powder or baking soda, biscuits are mixed into a dough, shaped, and baked until golden brown. They come in a variety of forms, including sweet biscuits like shortbread or chocolate chip cookies, and savory options like cheese biscuits or crackers. ",https://cdn.pixabay.com/photo/2024/04/01/06/57/cookies-8668144_1280.jpg,5000,10,"Grocery Store, Convenience Store, Departmental Store",XYZ_Retail,Essentials_Goods,Storefront_items,Essential Commodity,Groc_1007,1,20,500,Yes,STORE PICKUP
Target Grocery,Water Bottle,Grocery,Everyday essentials and groceries,https://content.oppictures.com/Master_Images/Master_Variants/Variant_1500/640471.JPG,5000,10,"Grocery Store, Convenience Store, Departmental Store",XYZ_Retail,Essentials_Goods,Storefront_items,Essential Commodity,Groc_001,1,20,500,Yes,STORE PICKUP
Whole Foods Market,Orange,Grocery,Everyday essentials and groceries,https://pngimg.com/uploads/orange/orange_PNG777.png,5000,10,"Grocery Store, Convenience Store, Departmental Store",XYZ_Retail,Essentials_Goods,Storefront_items,Essential Commodity,Groc_002,1,20,500,Yes,STORE PICKUP
Whole Foods Market,Chips,"Chips are crispy, savory snacks made from thinly sliced potatoes or other ingredients, offering a satisfying crunch in various flavors.","Chips are popular savory snacks enjoyed worldwide, typically made from thinly sliced potatoes or alternative ingredients like corn, tapioca, or vegetables. These slices are deep-fried, baked, or air-dried to achieve a crispy texture and seasoned with various flavorings such as salt, cheese, barbecue, or herbs. Chips come in a wide array of shapes, including classic potato chips, tortilla chips, and vegetable chips, offering a crunchy and satisfying snack experience. They are often enjoyed on their own, paired with dips, or as accompaniments to meals, providing a convenient and flavorful option for snacking.",https://images.pexels.com/photos/1582482/pexels-photo-1582482.jpeg?auto=compress&cs=tinysrgb&w=1260&h=750&dpr=2,5000,10,"Grocery Store, Convenience Store, Departmental Store",XYZ_Retail,Essentials_Goods,Storefront_items,Essential Commodity,Groc_002,1,20,500,Yes,STORE PICKUP
Whole Foods Market,Cake,"Cake is a sweet and indulgent dessert made from a combination of flour, sugar, eggs, and flavorings, often topped with frosting or icing for added sweetness.","Cake is a classic dessert enjoyed for its rich flavor and decadent texture. Typically made from a blend of flour, sugar, eggs, and butter or oil, cakes come in a variety of types and flavors, ranging from moist chocolate to light vanilla. Additional ingredients such as cocoa powder, fruits, nuts, or flavor extracts may be incorporated to enhance taste and texture. Once baked, cakes are often adorned with frosting, icing, or glaze, adding sweetness and visual appeal. Whether enjoyed on special occasions like birthdays or weddings, or simply as a delightful treat, cake serves as a beloved symbol of celebration and indulgence in culinary traditions worldwide.",https://images.pexels.com/photos/568805/pexels-photo-568805.jpeg?auto=compress&cs=tinysrgb&w=600,5000,10,"Grocery Store, Convenience Store, Departmental Store",XYZ_Retail,Essentials_Goods,Storefront_items,Essential Commodity,Groc_002,1,20,500,Yes,STORE PICKUP
Choice Market,Packaged food - snacks,"Snacks are quick bites of food enjoyed between meals or as light refreshments, offering convenience and satisfaction in various flavors and forms.","Snacks are convenient and often flavorful food items consumed between meals or as light refreshments. Ranging from savory to sweet, snacks come in diverse forms such as chips, nuts, crackers, cookies, fruit bars, and more. They offer quick satisfaction, energy boosts, and sometimes nutritional benefits, catering to different tastes and dietary preferences. Snacks are enjoyed on-the-go, during breaks, or as accompaniments to social gatherings, providing a convenient and versatile option for satisfying hunger cravings and indulging in culinary delights.",https://images.pexels.com/photos/64613/pexels-photo-64613.jpeg?auto=compress&cs=tinysrgb&w=1260&h=750&dpr=2,5000,10,"Grocery Store, Convenience Store, Departmental Store",XYZ_Retail,Essentials_Goods,Storefront_items,Essential Commodity,Groc_003,1,20,500,Yes,STORE PICKUP
Choice Market,Water Bottle,"A water bottle is a portable container designed for carrying and dispensing water, ideal for hydration on the go.","A water bottle is a convenient and portable container crafted to hold water for easy access and consumption. Available in various sizes, shapes, and materials such as plastic, stainless steel, or glass, water bottles are designed for versatility and durability. They often feature leak-proof caps or lids, making them suitable for travel, outdoor activities, or daily use. Water bottles promote hydration, providing a convenient way to carry and access water throughout the day, whether at work, school, the gym, or during outdoor adventures.",https://images.pexels.com/photos/1000084/pexels-photo-1000084.jpeg?auto=compress&cs=tinysrgb&w=1260&h=750&dpr=2,5000,10,"Grocery Store, Convenience Store, Departmental Store",XYZ_Retail,Essentials_Goods,Storefront_items,Essential Commodity,Groc_003,1,20,500,Yes,STORE PICKUP
Choice Market,Orange,Grocery,Everyday essentials and groceries,https://images.pexels.com/photos/1435735/pexels-photo-1435735.jpeg?auto=compress&cs=tinysrgb&w=1260&h=750&dpr=2,5000,10,"Grocery Store, Convenience Store, Departmental Store",XYZ_Retail,Essentials_Goods,Storefront_items,Essential Commodity,Groc_003,1,20,500,Yes,STORE PICKUP
Safeway Broadway,Water Bottle,"A water bottle is a portable container designed for carrying and dispensing water, ideal for hydration on the go.","A water bottle is a convenient and portable container crafted to hold water for easy access and consumption. Available in various sizes, shapes, and materials such as plastic, stainless steel, or glass, water bottles are designed for versatility and durability. They often feature leak-proof caps or lids, making them suitable for travel, outdoor activities, or daily use. Water bottles promote hydration, providing a convenient way to carry and access water throughout the day, whether at work, school, the gym, or during outdoor adventures.",https://images.pexels.com/photos/2479095/pexels-photo-2479095.jpeg?auto=compress&cs=tinysrgb&w=1260&h=750&dpr=2,5000,10,"Grocery Store, Convenience Store, Departmental Store",XYZ_Retail,Essentials_Goods,Storefront_items,Essential Commodity,Groc_004,1,20,500,Yes,STORE PICKUP
Safeway Broadway,Biscuits ,"Biscuits are crisp, baked treats made from a mixture of flour, sugar, butter, and leavening agents, offering a delightful snack or accompaniment to beverages.","Biscuits are delightful baked goods enjoyed for their crisp texture and versatile flavors. Made from a simple combination of flour, sugar, butter, and leavening agents such as baking powder or baking soda, biscuits are mixed into a dough, shaped, and baked until golden brown. They come in a variety of forms, including sweet biscuits like shortbread or chocolate chip cookies, and savory options like cheese biscuits or crackers. ",https://images.pexels.com/photos/317969/pexels-photo-317969.jpeg?auto=compress&cs=tinysrgb&w=1260&h=750&dpr=2,5000,10,"Grocery Store, Convenience Store, Departmental Store",XYZ_Retail,Essentials_Goods,Storefront_items,Essential Commodity,Groc_004,1,20,500,Yes,STORE PICKUP
Safeway Broadway,Burger ,"A burger is a savory sandwich consisting of a grilled or fried patty made from ground meat or plant-based ingredients, typically served in a soft bun with various toppings and condiments.","A burger is a popular and versatile sandwich enjoyed for its savory flavors and customizable toppings. At its core is a patty made from ground beef, though alternatives such as turkey, chicken, or vegetarian options like black bean or quinoa patties are also common. The patty is seasoned, shaped, and either grilled or fried until cooked through, then placed between soft buns. Burgers are often accompanied by a variety of toppings such as lettuce, tomato, onions, pickles, cheese, and sauces like ketchup, mustard, or mayonnaise. ",https://images.pexels.com/photos/19572155/pexels-photo-19572155/free-photo-of-christmas-gingerbread-cookies-on-a-table.jpeg?auto=compress&cs=tinysrgb&w=600,5000,10,"Grocery Store, Convenience Store, Departmental Store",XYZ_Retail,Essentials_Goods,Storefront_items,Essential Commodity,Groc_004,1,20,500,Yes,STORE PICKUP
Fireside Market & Eatery,Chips,"Chips are crispy, savory snacks made from thinly sliced potatoes or other ingredients, offering a satisfying crunch in various flavors.","Chips are popular savory snacks enjoyed worldwide, typically made from thinly sliced potatoes or alternative ingredients like corn, tapioca, or vegetables. These slices are deep-fried, baked, or air-dried to achieve a crispy texture and seasoned with various flavorings such as salt, cheese, barbecue, or herbs. Chips come in a wide array of shapes, including classic potato chips, tortilla chips, and vegetable chips, offering a crunchy and satisfying snack experience. They are often enjoyed on their own, paired with dips, or as accompaniments to meals, providing a convenient and flavorful option for snacking.",https://images.pexels.com/photos/568805/pexels-photo-568805.jpeg?auto=compress&cs=tinysrgb&w=600,5000,10,"Grocery Store, Convenience Store, Departmental Store",XYZ_Retail,Essentials_Goods,Storefront_items,Essential Commodity,Groc_005,1,20,500,Yes,STORE PICKUP
Fireside Market & Eatery,Biscuits ,"Biscuits are crisp, baked treats made from a mixture of flour, sugar, butter, and leavening agents, offering a delightful snack or accompaniment to beverages.","Biscuits are delightful baked goods enjoyed for their crisp texture and versatile flavors. Made from a simple combination of flour, sugar, butter, and leavening agents such as baking powder or baking soda, biscuits are mixed into a dough, shaped, and baked until golden brown. They come in a variety of forms, including sweet biscuits like shortbread or chocolate chip cookies, and savory options like cheese biscuits or crackers. ",https://images.pexels.com/photos/375904/pexels-photo-375904.jpeg?auto=compress&cs=tinysrgb&w=1260&h=750&dpr=2,5000,10,"Grocery Store, Convenience Store, Departmental Store",XYZ_Retail,Essentials_Goods,Storefront_items,Essential Commodity,Groc_005,1,20,500,Yes,STORE PICKUP
Fireside Market & Eatery,Burger ,"A burger is a savory sandwich consisting of a grilled or fried patty made from ground meat or plant-based ingredients, typically served in a soft bun with various toppings and condiments.","A burger is a popular and versatile sandwich enjoyed for its savory flavors and customizable toppings. At its core is a patty made from ground beef, though alternatives such as turkey, chicken, or vegetarian options like black bean or quinoa patties are also common. The patty is seasoned, shaped, and either grilled or fried until cooked through, then placed between soft buns. Burgers are often accompanied by a variety of toppings such as lettuce, tomato, onions, pickles, cheese, and sauces like ketchup, mustard, or mayonnaise. ",https://images.pexels.com/photos/19572155/pexels-photo-19572155/free-photo-of-christmas-gingerbread-cookies-on-a-table.jpeg?auto=compress&cs=tinysrgb&w=600,5000,10,"Grocery Store, Convenience Store, Departmental Store",XYZ_Retail,Essentials_Goods,Storefront_items,Essential Commodity,Groc_005,1,20,500,Yes,STORE PICKUP
Safeway Fraser ,Cake,"Cake is a sweet and indulgent dessert made from a combination of flour, sugar, eggs, and flavorings, often topped with frosting or icing for added sweetness.","Cake is a classic dessert enjoyed for its rich flavor and decadent texture. Typically made from a blend of flour, sugar, eggs, and butter or oil, cakes come in a variety of types and flavors, ranging from moist chocolate to light vanilla. Additional ingredients such as cocoa powder, fruits, nuts, or flavor extracts may be incorporated to enhance taste and texture. Once baked, cakes are often adorned with frosting, icing, or glaze, adding sweetness and visual appeal. Whether enjoyed on special occasions like birthdays or weddings, or simply as a delightful treat, cake serves as a beloved symbol of celebration and indulgence in culinary traditions worldwide.",https://images.pexels.com/photos/913136/pexels-photo-913136.jpeg?auto=compress&cs=tinysrgb&w=1260&h=750&dpr=2,5000,10,"Grocery Store, Convenience Store, Departmental Store",XYZ_Retail,Essentials_Goods,Storefront_items,Essential Commodity,Groc_006,1,20,500,Yes,STORE PICKUP
Safeway Fraser ,Water Bottle,"A water bottle is a portable container designed for carrying and dispensing water, ideal for hydration on the go.","A water bottle is a convenient and portable container crafted to hold water for easy access and consumption. Available in various sizes, shapes, and materials such as plastic, stainless steel, or glass, water bottles are designed for versatility and durability. They often feature leak-proof caps or lids, making them suitable for travel, outdoor activities, or daily use. Water bottles promote hydration, providing a convenient way to carry and access water throughout the day, whether at work, school, the gym, or during outdoor adventures.",https://images.pexels.com/photos/593099/pexels-photo-593099.jpeg?auto=compress&cs=tinysrgb&w=1260&h=750&dpr=2,5000,10,"Grocery Store, Convenience Store, Departmental Store",XYZ_Retail,Essentials_Goods,Storefront_items,Essential Commodity,Groc_006,1,20,500,Yes,STORE PICKUP
Safeway Fraser ,Biscuits ,"Biscuits are crisp, baked treats made from a mixture of flour, sugar, butter, and leavening agents, offering a delightful snack or accompaniment to beverages.","Biscuits are delightful baked goods enjoyed for their crisp texture and versatile flavors. Made from a simple combination of flour, sugar, butter, and leavening agents such as baking powder or baking soda, biscuits are mixed into a dough, shaped, and baked until golden brown. They come in a variety of forms, including sweet biscuits like shortbread or chocolate chip cookies, and savory options like cheese biscuits or crackers. ",https://images.pexels.com/photos/2171643/pexels-photo-2171643.jpeg?auto=compress&cs=tinysrgb&w=1260&h=750&dpr=2,5000,10,"Grocery Store, Convenience Store, Departmental Store",XYZ_Retail,Essentials_Goods,Storefront_items,Essential Commodity,Groc_006,1,20,500,Yes,STORE PICKUP
Stop N Save,Biscuits ,"Biscuits are crisp, baked treats made from a mixture of flour, sugar, butter, and leavening agents, offering a delightful snack or accompaniment to beverages.","Biscuits are delightful baked goods enjoyed for their crisp texture and versatile flavors. Made from a simple combination of flour, sugar, butter, and leavening agents such as baking powder or baking soda, biscuits are mixed into a dough, shaped, and baked until golden brown. They come in a variety of forms, including sweet biscuits like shortbread or chocolate chip cookies, and savory options like cheese biscuits or crackers. ",https://images.pexels.com/photos/2171643/pexels-photo-2171643.jpeg?auto=compress&cs=tinysrgb&w=1260&h=750&dpr=2,5000,10,"Grocery Store, Convenience Store, Departmental Store",XYZ_Retail,Essentials_Goods,Storefront_items,Essential Commodity,Groc_007,1,20,500,Yes,STORE PICKUP
Stop N Save,Chocolate ,"Chocolate is a beloved sweet treat made from cocoa beans, offering a rich and indulgent flavor experience in various forms such as bars, truffles, and confections.","Chocolate is a decadent and versatile confection cherished worldwide for its rich flavor and creamy texture. Derived from cocoa beans harvested from the cacao tree, chocolate undergoes a process of roasting, grinding, and refining to produce cocoa mass, which forms the basis of chocolate products.",https://images.pexels.com/photos/2373520/pexels-photo-2373520.jpeg?auto=compress&cs=tinysrgb&w=1260&h=750&dpr=2,5000,10,"Grocery Store, Convenience Store, Departmental Store",XYZ_Retail,Essentials_Goods,Storefront_items,Essential Commodity,Groc_007,1,20,500,Yes,STORE PICKUP
Stop N Save,Bacon ,"A bacon is a savory meat product typically made from pork belly that is cured, smoked, and sliced, offering a salty and flavorful addition to various dishes.","Bacon is a savory meat product derived from pork belly, characterized by its rich flavor and crispy texture. The bacon-making process involves curing the pork belly with salt and sometimes sugar, along with seasonings and spices, to impart flavor and preserve the meat. After curing, the bacon is often smoked using wood chips or liquid smoke, adding depth and complexity to its taste profile. Once cured and smoked, the bacon is sliced thinly and can be cooked by frying, baking, or grilling until crispy. ",https://images.pexels.com/photos/1930760/pexels-photo-1930760.jpeg?auto=compress&cs=tinysrgb&w=600,5000,10,"Grocery Store, Convenience Store, Departmental Store",XYZ_Retail,Essentials_Goods,Storefront_items,Essential Commodity,Groc_007,1,20,500,Yes,STORE PICKUP
City Market Granby,Burger ,"A burger is a savory sandwich consisting of a grilled or fried patty made from ground meat or plant-based ingredients, typically served in a soft bun with various toppings and condiments.","A burger is a popular and versatile sandwich enjoyed for its savory flavors and customizable toppings. At its core is a patty made from ground beef, though alternatives such as turkey, chicken, or vegetarian options like black bean or quinoa patties are also common. The patty is seasoned, shaped, and either grilled or fried until cooked through, then placed between soft buns. Burgers are often accompanied by a variety of toppings such as lettuce, tomato, onions, pickles, cheese, and sauces like ketchup, mustard, or mayonnaise. ",https://images.pexels.com/photos/70497/pexels-photo-70497.jpeg?auto=compress&cs=tinysrgb&w=1260&h=750&dpr=2,5000,10,"Grocery Store, Convenience Store, Departmental Store",XYZ_Retail,Essentials_Goods,Storefront_items,Essential Commodity,Groc_008,1,20,500,Yes,STORE PICKUP
City Market Granby,Biscuits ,"Biscuits are crisp, baked treats made from a mixture of flour, sugar, butter, and leavening agents, offering a delightful snack or accompaniment to beverages.","Biscuits are delightful baked goods enjoyed for their crisp texture and versatile flavors. Made from a simple combination of flour, sugar, butter, and leavening agents such as baking powder or baking soda, biscuits are mixed into a dough, shaped, and baked until golden brown. They come in a variety of forms, including sweet biscuits like shortbread or chocolate chip cookies, and savory options like cheese biscuits or crackers. ",https://images.pexels.com/photos/1072786/pexels-photo-1072786.jpeg?auto=compress&cs=tinysrgb&w=1260&h=750&dpr=2,5000,10,"Grocery Store, Convenience Store, Departmental Store",XYZ_Retail,Essentials_Goods,Storefront_items,Essential Commodity,Groc_008,1,20,500,Yes,STORE PICKUP
City Market Granby,Chocolate ,"Chocolate is a beloved sweet treat made from cocoa beans, offering a rich and indulgent flavor experience in various forms such as bars, truffles, and confections.","Chocolate is a decadent and versatile confection cherished worldwide for its rich flavor and creamy texture. Derived from cocoa beans harvested from the cacao tree, chocolate undergoes a process of roasting, grinding, and refining to produce cocoa mass, which forms the basis of chocolate products.",https://images.pexels.com/photos/4110099/pexels-photo-4110099.jpeg?auto=compress&cs=tinysrgb&w=1260&h=750&dpr=2,5000,10,"Grocery Store, Convenience Store, Departmental Store",XYZ_Retail,Essentials_Goods,Storefront_items,Essential Commodity,Groc_008,1,20,500,Yes,STORE PICKUP
Valley Foods IGA,Chocolate ,"Chocolate is a beloved sweet treat made from cocoa beans, offering a rich and indulgent flavor experience in various forms such as bars, truffles, and confections.","Chocolate is a decadent and versatile confection cherished worldwide for its rich flavor and creamy texture. Derived from cocoa beans harvested from the cacao tree, chocolate undergoes a process of roasting, grinding, and refining to produce cocoa mass, which forms the basis of chocolate products.",https://images.pexels.com/photos/775579/pexels-photo-775579.jpeg?auto=compress&cs=tinysrgb&w=1260&h=750&dpr=2,5000,10,"Grocery Store, Convenience Store, Departmental Store",XYZ_Retail,Essentials_Goods,Storefront_items,Essential Commodity,Groc_009,1,20,500,Yes,STORE PICKUP
Valley Foods IGA,Cake,"Cake is a sweet and indulgent dessert made from a combination of flour, sugar, eggs, and flavorings, often topped with frosting or icing for added sweetness.","Cake is a classic dessert enjoyed for its rich flavor and decadent texture. Typically made from a blend of flour, sugar, eggs, and butter or oil, cakes come in a variety of types and flavors, ranging from moist chocolate to light vanilla. Additional ingredients such as cocoa powder, fruits, nuts, or flavor extracts may be incorporated to enhance taste and texture. Once baked, cakes are often adorned with frosting, icing, or glaze, adding sweetness and visual appeal. Whether enjoyed on special occasions like birthdays or weddings, or simply as a delightful treat, cake serves as a beloved symbol of celebration and indulgence in culinary traditions worldwide.",https://images.pexels.com/photos/913136/pexels-photo-913136.jpeg?auto=compress&cs=tinysrgb&w=1260&h=750&dpr=2,5000,10,"Grocery Store, Convenience Store, Departmental Store",XYZ_Retail,Essentials_Goods,Storefront_items,Essential Commodity,Groc_009,1,20,500,Yes,STORE PICKUP
Valley Foods IGA,Water Bottle,"A water bottle is a portable container designed for carrying and dispensing water, ideal for hydration on the go.","A water bottle is a convenient and portable container crafted to hold water for easy access and consumption. Available in various sizes, shapes, and materials such as plastic, stainless steel, or glass, water bottles are designed for versatility and durability. They often feature leak-proof caps or lids, making them suitable for travel, outdoor activities, or daily use. Water bottles promote hydration, providing a convenient way to carry and access water throughout the day, whether at work, school, the gym, or during outdoor adventures.",https://images.pexels.com/photos/593099/pexels-photo-593099.jpeg?auto=compress&cs=tinysrgb&w=1260&h=750&dpr=2,5000,10,"Grocery Store, Convenience Store, Departmental Store",XYZ_Retail,Essentials_Goods,Storefront_items,Essential Commodity,Groc_009,1,20,500,Yes,STORE PICKUP
Country Store,Bacon ,"A bacon is a savory meat product typically made from pork belly that is cured, smoked, and sliced, offering a salty and flavorful addition to various dishes.","Bacon is a savory meat product derived from pork belly, characterized by its rich flavor and crispy texture. The bacon-making process involves curing the pork belly with salt and sometimes sugar, along with seasonings and spices, to impart flavor and preserve the meat. After curing, the bacon is often smoked using wood chips or liquid smoke, adding depth and complexity to its taste profile. Once cured and smoked, the bacon is sliced thinly and can be cooked by frying, baking, or grilling until crispy. ",https://images.pexels.com/photos/139746/pexels-photo-139746.jpeg?auto=compress&cs=tinysrgb&w=1260&h=750&dpr=2,5000,10,"Grocery Store, Convenience Store, Departmental Store",XYZ_Retail,Essentials_Goods,Storefront_items,Essential Commodity,Groc_010,1,20,500,Yes,STORE PICKUP
Country Store,Burger ,"A burger is a savory sandwich consisting of a grilled or fried patty made from ground meat or plant-based ingredients, typically served in a soft bun with various toppings and condiments.","A burger is a popular and versatile sandwich enjoyed for its savory flavors and customizable toppings. At its core is a patty made from ground beef, though alternatives such as turkey, chicken, or vegetarian options like black bean or quinoa patties are also common. The patty is seasoned, shaped, and either grilled or fried until cooked through, then placed between soft buns. Burgers are often accompanied by a variety of toppings such as lettuce, tomato, onions, pickles, cheese, and sauces like ketchup, mustard, or mayonnaise. ",https://images.pexels.com/photos/580612/pexels-photo-580612.jpeg?auto=compress&cs=tinysrgb&w=1260&h=750&dpr=2,5000,10,"Grocery Store, Convenience Store, Departmental Store",XYZ_Retail,Essentials_Goods,Storefront_items,Essential Commodity,Groc_010,1,20,500,Yes,STORE PICKUP
Country Store,Biscuits ,"Biscuits are crisp, baked treats made from a mixture of flour, sugar, butter, and leavening agents, offering a delightful snack or accompaniment to beverages.","Biscuits are delightful baked goods enjoyed for their crisp texture and versatile flavors. Made from a simple combination of flour, sugar, butter, and leavening agents such as baking powder or baking soda, biscuits are mixed into a dough, shaped, and baked until golden brown. They come in a variety of forms, including sweet biscuits like shortbread or chocolate chip cookies, and savory options like cheese biscuits or crackers. ",https://images.pexels.com/photos/19572155/pexels-photo-19572155/free-photo-of-christmas-gingerbread-cookies-on-a-table.jpeg?auto=compress&cs=tinysrgb&w=600,5000,10,"Grocery Store, Convenience Store, Departmental Store",XYZ_Retail,Essentials_Goods,Storefront_items,Essential Commodity,Groc_010,1,20,500,Yes,STORE PICKUP
Walmart Supercenter,Chips,"Chips are crispy, savory snacks made from thinly sliced potatoes or other ingredients, offering a satisfying crunch in various flavors.","Chips are popular savory snacks enjoyed worldwide, typically made from thinly sliced potatoes or alternative ingredients like corn, tapioca, or vegetables. These slices are deep-fried, baked, or air-dried to achieve a crispy texture and seasoned with various flavorings such as salt, cheese, barbecue, or herbs. Chips come in a wide array of shapes, including classic potato chips, tortilla chips, and vegetable chips, offering a crunchy and satisfying snack experience. They are often enjoyed on their own, paired with dips, or as accompaniments to meals, providing a convenient and flavorful option for snacking.",https://images.unsplash.com/photo-1613462847848-f65a8b231bb5?q=80&w=1887&auto=format&fit=crop&ixlib=rb-4.0.3&ixid=M3wxMjA3fDB8MHxwaG90by1wYWdlfHx8fGVufDB8fHx8fA%3D%3D,5000,10,"Grocery Store, Convenience Store, Departmental Store",XYZ_Retail,Essentials_Goods,Storefront_items,Essential Commodity,Groc_111,1,20,500,Yes,STORE PICKUP
"Walmart Supercenter, WY",Packaged food - snacks,"Snacks are quick bites of food enjoyed between meals or as light refreshments, offering convenience and satisfaction in various flavors and forms.","Snacks are convenient and often flavorful food items consumed between meals or as light refreshments. Ranging from savory to sweet, snacks come in diverse forms such as chips, nuts, crackers, cookies, fruit bars, and more. They offer quick satisfaction, energy boosts, and sometimes nutritional benefits, catering to different tastes and dietary preferences. Snacks are enjoyed on-the-go, during breaks, or as accompaniments to social gatherings, providing a convenient and versatile option for satisfying hunger cravings and indulging in culinary delights.",https://images-na.ssl-images-amazon.com/images/I/91Io+MfhEFL.jpg,5000,10,"Grocery Store, Convenience Store, Departmental Store",XYZ_Retail,Essentials_Goods,Storefront_items,Essential Commodity,Groc_111,1,20,500,Yes,STORE PICKUP
Walmart Supercenter,Water Bottle,"A water bottle is a portable container designed for carrying and dispensing water, ideal for hydration on the go.","A water bottle is a convenient and portable container crafted to hold water for easy access and consumption. Available in various sizes, shapes, and materials such as plastic, stainless steel, or glass, water bottles are designed for versatility and durability. They often feature leak-proof caps or lids, making them suitable for travel, outdoor activities, or daily use. Water bottles promote hydration, providing a convenient way to carry and access water throughout the day, whether at work, school, the gym, or during outdoor adventures.",https://images.heb.com/is/image/HEBGrocery/001386809,5000,10,"Grocery Store, Convenience Store, Departmental Store",XYZ_Retail,Essentials_Goods,Storefront_items,Essential Commodity,Groc_112,1,20,500,Yes,STORE PICKUP
"Walmart Supercenter, WY",Biscuits ,"Biscuits are crisp, baked treats made from a mixture of flour, sugar, butter, and leavening agents, offering a delightful snack or accompaniment to beverages.","Biscuits are delightful baked goods enjoyed for their crisp texture and versatile flavors. Made from a simple combination of flour, sugar, butter, and leavening agents such as baking powder or baking soda, biscuits are mixed into a dough, shaped, and baked until golden brown. They come in a variety of forms, including sweet biscuits like shortbread or chocolate chip cookies, and savory options like cheese biscuits or crackers. ",https://plus.unsplash.com/premium_photo-1680086903412-d9e00eb08af5?q=80&w=1887&auto=format&fit=crop&ixlib=rb-4.0.3&ixid=M3wxMjA3fDB8MHxwaG90by1wYWdlfHx8fGVufDB8fHx8fA%3D%3D,5000,10,"Grocery Store, Convenience Store, Departmental Store",XYZ_Retail,Essentials_Goods,Storefront_items,Essential Commodity,Groc_112,1,20,500,Yes,STORE PICKUP
"Walmart Supercenter,Thermopolis",Chocolate ,"Chocolate is a beloved sweet treat made from cocoa beans, offering a rich and indulgent flavor experience in various forms such as bars, truffles, and confections.","Chocolate is a decadent and versatile confection cherished worldwide for its rich flavor and creamy texture. Derived from cocoa beans harvested from the cacao tree, chocolate undergoes a process of roasting, grinding, and refining to produce cocoa mass, which forms the basis of chocolate products.",https://images.unsplash.com/photo-1610450949065-1f2841536c88?q=80&w=1887&auto=format&fit=crop&ixlib=rb-4.0.3&ixid=M3wxMjA3fDB8MHxwaG90by1wYWdlfHx8fGVufDB8fHx8fA%3D%3D,5000,10,"Grocery Store, Convenience Store, Departmental Store",XYZ_Retail,Essentials_Goods,Storefront_items,Essential Commodity,Groc_112,1,20,500,Yes,STORE PICKUP
"Walmart Supercenter,Thermopolis",Chips,"Chips are crispy, savory snacks made from thinly sliced potatoes or other ingredients, offering a satisfying crunch in various flavors.","Chips are popular savory snacks enjoyed worldwide, typically made from thinly sliced potatoes or alternative ingredients like corn, tapioca, or vegetables. These slices are deep-fried, baked, or air-dried to achieve a crispy texture and seasoned with various flavorings such as salt, cheese, barbecue, or herbs. Chips come in a wide array of shapes, including classic potato chips, tortilla chips, and vegetable chips, offering a crunchy and satisfying snack experience. They are often enjoyed on their own, paired with dips, or as accompaniments to meals, providing a convenient and flavorful option for snacking.",https://images.heb.com/is/image/HEBGrocery/001659239,5000,10,"Grocery Store, Convenience Store, Departmental Store",XYZ_Retail,Essentials_Goods,Storefront_items,Essential Commodity,Groc_113,1,20,500,Yes,STORE PICKUP
"Walmart Supercenter, WY",Cake,"Cake is a sweet and indulgent dessert made from a combination of flour, sugar, eggs, and flavorings, often topped with frosting or icing for added sweetness.","Cake is a classic dessert enjoyed for its rich flavor and decadent texture. Typically made from a blend of flour, sugar, eggs, and butter or oil, cakes come in a variety of types and flavors, ranging from moist chocolate to light vanilla. Additional ingredients such as cocoa powder, fruits, nuts, or flavor extracts may be incorporated to enhance taste and texture. Once baked, cakes are often adorned with frosting, icing, or glaze, adding sweetness and visual appeal. Whether enjoyed on special occasions like birthdays or weddings, or simply as a delightful treat, cake serves as a beloved symbol of celebration and indulgence in culinary traditions worldwide.",https://images.unsplash.com/photo-1563729784474-d77dbb933a9e?q=80&w=1887&auto=format&fit=crop&ixlib=rb-4.0.3&ixid=M3wxMjA3fDB8MHxwaG90by1wYWdlfHx8fGVufDB8fHx8fA%3D%3D,5000,10,"Grocery Store, Convenience Store, Departmental Store",XYZ_Retail,Essentials_Goods,Storefront_items,Essential Commodity,Groc_113,1,20,500,Yes,STORE PICKUP
Safeway,Cake,"Cake is a sweet and indulgent dessert made from a combination of flour, sugar, eggs, and flavorings, often topped with frosting or icing for added sweetness.","Cake is a classic dessert enjoyed for its rich flavor and decadent texture. Typically made from a blend of flour, sugar, eggs, and butter or oil, cakes come in a variety of types and flavors, ranging from moist chocolate to light vanilla. Additional ingredients such as cocoa powder, fruits, nuts, or flavor extracts may be incorporated to enhance taste and texture. Once baked, cakes are often adorned with frosting, icing, or glaze, adding sweetness and visual appeal. Whether enjoyed on special occasions like birthdays or weddings, or simply as a delightful treat, cake serves as a beloved symbol of celebration and indulgence in culinary traditions worldwide.",https://celebratingsweets.com/wp-content/uploads/2022/04/White-Cake-Recipe-5.jpg,5000,10,"Grocery Store, Convenience Store, Departmental Store",XYZ_Retail,Essentials_Goods,Storefront_items,Essential Commodity,Groc_114,1,20,500,Yes,STORE PICKUP
Albertsons,Biscuits ,"Biscuits are crisp, baked treats made from a mixture of flour, sugar, butter, and leavening agents, offering a delightful snack or accompaniment to beverages.","Biscuits are delightful baked goods enjoyed for their crisp texture and versatile flavors. Made from a simple combination of flour, sugar, butter, and leavening agents such as baking powder or baking soda, biscuits are mixed into a dough, shaped, and baked until golden brown. They come in a variety of forms, including sweet biscuits like shortbread or chocolate chip cookies, and savory options like cheese biscuits or crackers. ",https://wallpapercave.com/wp/wp2422390.jpg,5000,10,"Grocery Store, Convenience Store, Departmental Store",XYZ_Retail,Essentials_Goods,Storefront_items,Essential Commodity,Groc_115,1,20,500,Yes,STORE PICKUP
Albertsons,Burger ,"A burger is a savory sandwich consisting of a grilled or fried patty made from ground meat or plant-based ingredients, typically served in a soft bun with various toppings and condiments.","A burger is a popular and versatile sandwich enjoyed for its savory flavors and customizable toppings. At its core is a patty made from ground beef, though alternatives such as turkey, chicken, or vegetarian options like black bean or quinoa patties are also common. The patty is seasoned, shaped, and either grilled or fried until cooked through, then placed between soft buns. Burgers are often accompanied by a variety of toppings such as lettuce, tomato, onions, pickles, cheese, and sauces like ketchup, mustard, or mayonnaise. ",https://images.unsplash.com/photo-1568901346375-23c9450c58cd?q=80&w=1899&auto=format&fit=crop&ixlib=rb-4.0.3&ixid=M3wxMjA3fDB8MHxwaG90by1wYWdlfHx8fGVufDB8fHx8fA%3D%3D,5000,10,"Grocery Store, Convenience Store, Departmental Store",XYZ_Retail,Essentials_Goods,Storefront_items,Essential Commodity,Groc_115,1,20,500,Yes,STORE PICKUP
Albertsons,Chocolate ,"Chocolate is a beloved sweet treat made from cocoa beans, offering a rich and indulgent flavor experience in various forms such as bars, truffles, and confections.","Chocolate is a decadent and versatile confection cherished worldwide for its rich flavor and creamy texture. Derived from cocoa beans harvested from the cacao tree, chocolate undergoes a process of roasting, grinding, and refining to produce cocoa mass, which forms the basis of chocolate products.",https://images.unsplash.com/photo-1587271644048-2fbb187de8d8?q=80&w=1887&auto=format&fit=crop&ixlib=rb-4.0.3&ixid=M3wxMjA3fDB8MHxwaG90by1wYWdlfHx8fGVufDB8fHx8fA%3D%3D,5000,10,"Grocery Store, Convenience Store, Departmental Store",XYZ_Retail,Essentials_Goods,Storefront_items,Essential Commodity,Groc_115,1,20,500,Yes,STORE PICKUP
Ridley's Family Markets,Burger ,"A burger is a savory sandwich consisting of a grilled or fried patty made from ground meat or plant-based ingredients, typically served in a soft bun with various toppings and condiments.","A burger is a popular and versatile sandwich enjoyed for its savory flavors and customizable toppings. At its core is a patty made from ground beef, though alternatives such as turkey, chicken, or vegetarian options like black bean or quinoa patties are also common. The patty is seasoned, shaped, and either grilled or fried until cooked through, then placed between soft buns. Burgers are often accompanied by a variety of toppings such as lettuce, tomato, onions, pickles, cheese, and sauces like ketchup, mustard, or mayonnaise. ",https://upload.wikimedia.org/wikipedia/commons/thumb/b/be/Burger_King_Angus_Bacon_%26_Cheese_Steak_Burger.jpg/1200px-Burger_King_Angus_Bacon_%26_Cheese_Steak_Burger.jpg,5000,10,"Grocery Store, Convenience Store, Departmental Store",XYZ_Retail,Essentials_Goods,Storefront_items,Essential Commodity,Groc_116,1,20,500,Yes,STORE PICKUP
Ridley's Family Markets,Bacon ,"A bacon is a savory meat product typically made from pork belly that is cured, smoked, and sliced, offering a salty and flavorful addition to various dishes.","Bacon is a savory meat product derived from pork belly, characterized by its rich flavor and crispy texture. The bacon-making process involves curing the pork belly with salt and sometimes sugar, along with seasonings and spices, to impart flavor and preserve the meat. After curing, the bacon is often smoked using wood chips or liquid smoke, adding depth and complexity to its taste profile. Once cured and smoked, the bacon is sliced thinly and can be cooked by frying, baking, or grilling until crispy. ",https://plus.unsplash.com/premium_photo-1675676474885-6b420b83c45f?q=80&w=1887&auto=format&fit=crop&ixlib=rb-4.0.3&ixid=M3wxMjA3fDB8MHxwaG90by1wYWdlfHx8fGVufDB8fHx8fA%3D%3D,5000,10,"Grocery Store, Convenience Store, Departmental Store",XYZ_Retail,Essentials_Goods,Storefront_items,Essential Commodity,Groc_116,1,20,500,Yes,STORE PICKUP
Ridley's Family Markets,Sweets ,"Sweets are sugary treats enjoyed for their indulgent flavors and satisfying sweetness, encompassing a wide range of confections such as candies, chocolates, pastries, and desserts.","Sweets are delightful treats cherished for their sugary taste and ability to satisfy cravings for something indulgent. This broad category includes a diverse array of confections, ranging from candies and chocolates to pastries, cakes, and desserts. Sweets are often made from ingredients such as sugar, chocolate, flour, butter, eggs, and various flavorings, resulting in a wide variety of textures, flavors, and presentations. ",https://images.unsplash.com/photo-1576712967455-c8d22580e9be?q=80&w=2070&auto=format&fit=crop&ixlib=rb-4.0.3&ixid=M3wxMjA3fDB8MHxwaG90by1wYWdlfHx8fGVufDB8fHx8fA%3D%3D,5000,10,"Grocery Store, Convenience Store, Departmental Store",XYZ_Retail,Essentials_Goods,Storefront_items,Essential Commodity,Groc_116,1,20,500,Yes,STORE PICKUP
The Grocery Store,Chocolate ,"Chocolate is a beloved sweet treat made from cocoa beans, offering a rich and indulgent flavor experience in various forms such as bars, truffles, and confections.","Chocolate is a decadent and versatile confection cherished worldwide for its rich flavor and creamy texture. Derived from cocoa beans harvested from the cacao tree, chocolate undergoes a process of roasting, grinding, and refining to produce cocoa mass, which forms the basis of chocolate products.",https://tse1.mm.bing.net/th/id/OIP.SmQW4oaaXW4hbrgL1hh07gHaFb?w=1200&h=879&rs=1&pid=ImgDetMain,5000,10,"Grocery Store, Convenience Store, Departmental Store",XYZ_Retail,Essentials_Goods,Storefront_items,Essential Commodity,Groc_117,1,20,500,Yes,STORE PICKUP
The Grocery Store,Nutty savory snack,"A blend of various crunchy ingredients like nuts, lentils, and spices, often seasoned with flavorful spices and herbs","A popular savory snack enjoyed for its crunchy texture and bold flavors. It typically consists of a mixture of roasted or fried ingredients such as nuts (like peanuts, cashews), lentils (such as chickpeas, green peas), and fried noodles or poha (flattened rice), combined with a variety of spices and seasonings. ",https://images.unsplash.com/photo-1614735241165-6756e1df61ab?q=80&w=1932&auto=format&fit=crop&ixlib=rb-4.0.3&ixid=M3wxMjA3fDB8MHxwaG90by1wYWdlfHx8fGVufDB8fHx8fA%3D%3D,5000,10,"Grocery Store, Convenience Store, Departmental Store",XYZ_Retail,Essentials_Goods,Storefront_items,Essential Commodity,Groc_117,1,20,500,Yes,STORE PICKUP
The Grocery Store,Biscuits ,"Biscuits are crisp, baked treats made from a mixture of flour, sugar, butter, and leavening agents, offering a delightful snack or accompaniment to beverages.","Biscuits are delightful baked goods enjoyed for their crisp texture and versatile flavors. Made from a simple combination of flour, sugar, butter, and leavening agents such as baking powder or baking soda, biscuits are mixed into a dough, shaped, and baked until golden brown. They come in a variety of forms, including sweet biscuits like shortbread or chocolate chip cookies, and savory options like cheese biscuits or crackers. ",https://images.unsplash.com/photo-1559622214-f8a9850965bb?q=80&w=1965&auto=format&fit=crop&ixlib=rb-4.0.3&ixid=M3wxMjA3fDB8MHxwaG90by1wYWdlfHx8fGVufDB8fHx8fA%3D%3D,5000,10,"Grocery Store, Convenience Store, Departmental Store",XYZ_Retail,Essentials_Goods,Storefront_items,Essential Commodity,Groc_117,1,20,500,Yes,STORE PICKUP
Blair's Family Thriftway,Cake,"Cake is a sweet and indulgent dessert made from a combination of flour, sugar, eggs, and flavorings, often topped with frosting or icing for added sweetness.","Cake is a classic dessert enjoyed for its rich flavor and decadent texture. Typically made from a blend of flour, sugar, eggs, and butter or oil, cakes come in a variety of types and flavors, ranging from moist chocolate to light vanilla. Additional ingredients such as cocoa powder, fruits, nuts, or flavor extracts may be incorporated to enhance taste and texture. Once baked, cakes are often adorned with frosting, icing, or glaze, adding sweetness and visual appeal. Whether enjoyed on special occasions like birthdays or weddings, or simply as a delightful treat, cake serves as a beloved symbol of celebration and indulgence in culinary traditions worldwide.",https://images.unsplash.com/photo-1578985545062-69928b1d9587?q=80&w=1989&auto=format&fit=crop&ixlib=rb-4.0.3&ixid=M3wxMjA3fDB8MHxwaG90by1wYWdlfHx8fGVufDB8fHx8fA%3D%3D,5000,10,"Grocery Store, Convenience Store, Departmental Store",XYZ_Retail,Essentials_Goods,Storefront_items,Essential Commodity,Groc_118,1,20,500,Yes,STORE PICKUP
Blair's Family Thriftway,Chips,"Chips are crispy, savory snacks made from thinly sliced potatoes or other ingredients, offering a satisfying crunch in various flavors.","Chips are popular savory snacks enjoyed worldwide, typically made from thinly sliced potatoes or alternative ingredients like corn, tapioca, or vegetables. These slices are deep-fried, baked, or air-dried to achieve a crispy texture and seasoned with various flavorings such as salt, cheese, barbecue, or herbs. Chips come in a wide array of shapes, including classic potato chips, tortilla chips, and vegetable chips, offering a crunchy and satisfying snack experience. They are often enjoyed on their own, paired with dips, or as accompaniments to meals, providing a convenient and flavorful option for snacking.",https://images.unsplash.com/photo-1599490659101-963323d1da50?q=80&w=1887&auto=format&fit=crop&ixlib=rb-4.0.3&ixid=M3wxMjA3fDB8MHxwaG90by1wYWdlfHx8fGVufDB8fHx8fA%3D%3D,5000,10,"Grocery Store, Convenience Store, Departmental Store",XYZ_Retail,Essentials_Goods,Storefront_items,Essential Commodity,Groc_118,1,20,500,Yes,STORE PICKUP
Smith's Food & Drug,Sweets ,"Sweets are sugary treats enjoyed for their indulgent flavors and satisfying sweetness, encompassing a wide range of confections such as candies, chocolates, pastries, and desserts.","Sweets are delightful treats cherished for their sugary taste and ability to satisfy cravings for something indulgent. This broad category includes a diverse array of confections, ranging from candies and chocolates to pastries, cakes, and desserts. Sweets are often made from ingredients such as sugar, chocolate, flour, butter, eggs, and various flavorings, resulting in a wide variety of textures, flavors, and presentations. ",https://wallpaperaccess.com/full/388195.jpg,5000,10,"Grocery Store, Convenience Store, Departmental Store",XYZ_Retail,Essentials_Goods,Storefront_items,Essential Commodity,Groc_119,1,20,500,Yes,STORE PICKUP
Smith's Food & Drug,Water Bottle,"A water bottle is a portable container designed for carrying and dispensing water, ideal for hydration on the go.","A water bottle is a convenient and portable container crafted to hold water for easy access and consumption. Available in various sizes, shapes, and materials such as plastic, stainless steel, or glass, water bottles are designed for versatility and durability. They often feature leak-proof caps or lids, making them suitable for travel, outdoor activities, or daily use. Water bottles promote hydration, providing a convenient way to carry and access water throughout the day, whether at work, school, the gym, or during outdoor adventures.",https://images.unsplash.com/photo-1614735241165-6756e1df61ab?q=80&w=1932&auto=format&fit=crop&ixlib=rb-4.0.3&ixid=M3wxMjA3fDB8MHxwaG90by1wYWdlfHx8fGVufDB8fHx8fA%3D%3D,5000,10,"Grocery Store, Convenience Store, Departmental Store",XYZ_Retail,Essentials_Goods,Storefront_items,Essential Commodity,Groc_119,1,20,500,Yes,STORE PICKUP
Smith's Food & Drug,Chips,"Chips are crispy, savory snacks made from thinly sliced potatoes or other ingredients, offering a satisfying crunch in various flavors.","Chips are popular savory snacks enjoyed worldwide, typically made from thinly sliced potatoes or alternative ingredients like corn, tapioca, or vegetables. These slices are deep-fried, baked, or air-dried to achieve a crispy texture and seasoned with various flavorings such as salt, cheese, barbecue, or herbs. Chips come in a wide array of shapes, including classic potato chips, tortilla chips, and vegetable chips, offering a crunchy and satisfying snack experience. They are often enjoyed on their own, paired with dips, or as accompaniments to meals, providing a convenient and flavorful option for snacking.",https://plus.unsplash.com/premium_photo-1680086903412-d9e00eb08af5?q=80&w=1887&auto=format&fit=crop&ixlib=rb-4.0.3&ixid=M3wxMjA3fDB8MHxwaG90by1wYWdlfHx8fGVufDB8fHx8fA%3D%3D,5000,10,"Grocery Store, Convenience Store, Departmental Store",XYZ_Retail,Essentials_Goods,Storefront_items,Essential Commodity,Groc_119,1,20,500,Yes,STORE PICKUP
Natural Grocers,Nutty savory snack,"A blend of various crunchy ingredients like nuts, lentils, and spices, often seasoned with flavorful spices and herbs","A popular savory snack enjoyed for its crunchy texture and bold flavors. It typically consists of a mixture of roasted or fried ingredients such as nuts (like peanuts, cashews), lentils (such as chickpeas, green peas), and fried noodles or poha (flattened rice), combined with a variety of spices and seasonings. ",https://tse1.mm.bing.net/th/id/OIP.k6Y1wiD-2xX0hmfBlvkEBwHaIt?rs=1&pid=ImgDetMain,5000,10,"Grocery Store, Convenience Store, Departmental Store",XYZ_Retail,Essentials_Goods,Storefront_items,Essential Commodity,Groc_120,1,20,500,Yes,STORE PICKUP
Natural Grocers,Biscuits ,"Biscuits are crisp, baked treats made from a mixture of flour, sugar, butter, and leavening agents, offering a delightful snack or accompaniment to beverages.","Biscuits are delightful baked goods enjoyed for their crisp texture and versatile flavors. Made from a simple combination of flour, sugar, butter, and leavening agents such as baking powder or baking soda, biscuits are mixed into a dough, shaped, and baked until golden brown. They come in a variety of forms, including sweet biscuits like shortbread or chocolate chip cookies, and savory options like cheese biscuits or crackers. ",https://images.unsplash.com/photo-1557310717-d6bea9f36682?q=80&w=1887&auto=format&fit=crop&ixlib=rb-4.0.3&ixid=M3wxMjA3fDB8MHxwaG90by1wYWdlfHx8fGVufDB8fHx8fA%3D%3D,5000,10,"Grocery Store, Convenience Store, Departmental Store",XYZ_Retail,Essentials_Goods,Storefront_items,Essential Commodity,Groc_120,1,20,500,Yes,STORE PICKUP
Natural Grocers,Chocolate ,"Chocolate is a beloved sweet treat made from cocoa beans, offering a rich and indulgent flavor experience in various forms such as bars, truffles, and confections.","Chocolate is a decadent and versatile confection cherished worldwide for its rich flavor and creamy texture. Derived from cocoa beans harvested from the cacao tree, chocolate undergoes a process of roasting, grinding, and refining to produce cocoa mass, which forms the basis of chocolate products.",https://images.unsplash.com/photo-1606312619070-d48b4c652a52?q=80&w=1887&auto=format&fit=crop&ixlib=rb-4.0.3&ixid=M3wxMjA3fDB8MHxwaG90by1wYWdlfHx8fGVufDB8fHx8fA%3D%3D,5000,10,"Grocery Store, Convenience Store, Departmental Store",XYZ_Retail,Essentials_Goods,Storefront_items,Essential Commodity,Groc_120,1,20,500,Yes,STORE PICKUP